date,window,code,name,verdict,score,blk_dir,blk_wdir,blk_prem,blk_inst_ratio,streak,vol_mult,buy_days,sell_days,call_net_win,call_val_win,put_call_win,buy_ratio,blk_n,blk_value,blk_last,win_len
2026-07-02,10,01010T,京城樂富R1,unclear,0.0,neutral,0.0,0.002037066169732317,0.002345903466072371,0,,0,0,0.0,0.0,,0.0,2,230007580.0,2026-07-01,10.0
2026-07-02,10,1216,統一,unclear,0.32221172244056107,sell,-0.2658172460854074,-0.04634369659964813,-2.625512528286451,1,0.43887127656235286,5,5,855970.0,6059510.0,0.0,0.9848376484050922,3,182375300.0,2026-07-01,10.0
2026-07-02,10,1301,台塑,unclear,2.1607263796612,neutral,0.0,0.15257315842583252,-9.516352622637534,1,2.1607263796612,6,4,85041960.0,162367680.0,0.0015035627780109933,0.8112793799203433,1,33180910.0,2026-06-23,10.0
2026-07-02,10,1303,南亞,unclear,3.140978155535579,neutral,0.0,-0.12360285598228789,27.374433116233117,3,1.0469927185118597,7,3,204556790.0,476236890.0,0.01888455134166528,0.9417818590761142,2,172877150.0,2026-07-02,10.0
2026-07-02,10,1326,台化,lean_buy,8.621786431790063,neutral,0.0,0.08516350089199942,-36.870130468283264,4,2.155446607947516,8,2,69292070.0,177893890.0,0.011469983595276937,0.964272561307337,2,35820200.0,2026-06-23,10.0
2026-07-02,10,1423,利華,unclear,0.0,buy,0.5,0.12149532710280364,-0.0273975791433892,0,,0,0,0.0,0.0,,0.0,1,15036000.0,2026-06-25,10.0
2026-07-02,10,1436,華友聯,unclear,0.0,neutral,0.0,0.0,0.037333333333333336,0,,0,0,0.0,0.0,,0.0,1,134850000.0,2026-07-01,10.0
2026-07-02,10,1466,聚隆,unclear,0.0,sell,-0.5,-0.17887333246062684,0.08402426395158463,0,,0,0,0.0,0.0,,0.0,2,26660950.0,2026-07-02,10.0
2026-07-02,10,1519,華城,sell_avoid,0.15468206873397394,sell,-0.5,0.0005796172564651469,-3.500202017533722,1,0.3093641374679479,4,6,-5372310.0,87905070.0,0.04710627043468596,0.7606106479926614,2,181707000.0,2026-06-29,10.0
2026-07-02,10,2002,中鋼,unclear,0.0,buy,0.5,0.0,6.859949484944533,0,0.4234032597908465,3,7,518380.0,16263340.0,0.0,0.10542690223129443,1,96416800.0,2026-06-18,10.0
2026-07-02,10,2027,大成鋼,sell_avoid,0.0,sell,-1.0,-0.09789343246592319,-4.425466814566187,0,1.7015549309079598,4,6,-13524470.0,66930140.0,0.0,0.019046716332902006,1,17399200.0,2026-06-30,10.0
2026-07-02,10,2101,南港,unclear,0.0,neutral,-0.10518458261948287,-0.0031786859234868253,0.02894015268804852,0,0.0,0,0,0.0,0.0,,0.0,5,650163002.0,2026-06-29,10.0
2026-07-02,10,2211,長榮鋼,unclear,0.0,sell,-1.0,-0.10010649627263046,-0.5513787844668567,0,0.0,0,2,-45560.0,100710.0,0.0,0.0,1,20871500.0,2026-06-30,10.0
2026-07-02,10,2303,聯電,lean_buy,0.0,buy,0.31373498636866287,0.0,-1.7102675372231009,0,0.5366772865741269,7,3,345740810.0,997185670.0,0.011628787244806676,0.016275115789752444,2,2055007500.0,2026-06-26,10.0
2026-07-02,10,2308,台達電,unclear,0.0,neutral,-0.20938185282172073,0.00346392527517597,-19.70641999546211,0,0.5188180422594808,3,7,-44612650.0,252323950.0,0.016568819567068446,0.26089932789185233,21,7713385125.0,2026-07-02,10.0
2026-07-02,10,2317,鴻海,sell_avoid,0.0,sell,-0.3657464043051598,0.006374028404925475,-43.48973883675576,0,0.43171709118622137,2,8,-183512800.0,488646990.0,0.024746555790715094,0.004428324850920211,18,1512475889.0,2026-07-02,10.0
2026-07-02,10,2327,國巨*,unclear,0.0,neutral,-0.2116263148495027,-0.005901104819037703,-8.662205231489622,0,1.0023713769204943,5,5,-3685710.0,597246150.0,0.010915465926402372,0.0003612862610002159,15,5222720061.0,2026-07-01,10.0
2026-07-02,10,2330,台積電,unclear,0.0,neutral,-0.24697810787969945,-0.001536495788745076,-9.04977386911898,0,0.8702514972235327,5,5,188802370.0,2010353640.0,0.016948625019028992,0.016261046438068708,84,85853429051.0,2026-07-02,10.0
2026-07-02,10,2344,華邦電,sell_avoid,0.0,sell,-0.5451002946100698,-0.001424219829791683,-13.40769953471469,0,0.7182879335263935,4,6,-101351390.0,816804750.0,0.023862997858423326,0.0,2,761371124.0,2026-07-01,10.0
2026-07-02,10,2345,智邦,same_dir_buy,13.71318512405139,buy,0.616639743287512,0.015351176384195597,41.40305732483686,3,2.8275079386095405,6,4,108756840.0,387969210.0,0.021235241837876773,0.9158929189502036,3,65207268.0,2026-06-26,10.0
2026-07-02,10,2357,華碩,unclear,1.1144049908946554,neutral,0.0,0.0054553527951281145,-1.6951260014333756,1,1.1144049908946554,2,8,-30245420.0,68216310.0,0.17992632553710394,0.8793661335047228,2,906950000.0,2026-07-02,10.0
2026-07-02,10,2360,致茂,unclear,0.0,buy,0.36603937211340004,0.003315844557771036,0.9773624129438514,0,0.7383771367129749,5,5,-2220740.0,16631440.0,0.00011123510652114309,0.0,10,2368067801.0,2026-06-30,10.0
2026-07-02,10,2382,廣達,unclear,0.0,buy,0.4722004645765214,-0.00403687774456374,8.818003493220544,0,,0,0,0.0,0.0,,0.0,3,296179410.0,2026-06-30,10.0
2026-07-02,10,2383,台光電,hedge_suspect,0.42096752600089815,sell,-0.4717003142203315,-0.006352616276668586,0.4461933050717048,2,0.3984173541383346,6,4,14316200.0,50114180.0,0.003364117700818411,0.42456851439553955,2,966964800.0,2026-06-29,10.0
2026-07-02,10,2395,研華,lean_buy,12.028745062481049,buy,0.7935513105615778,0.005367388777418987,4.346384874135411,4,1.6766658683874978,7,3,27797130.0,67480480.0,0.0,0.5618290694370669,6,356165981.0,2026-06-29,10.0
2026-07-02,10,2408,南亞科,sell_avoid,0.0,sell,-0.2654267834398365,0.007696446898693131,5.3688730258839445,0,0.6880463780912334,5,5,-158860330.0,1127513040.0,0.02575689945013851,0.0,5,777050757.0,2026-06-29,10.0
2026-07-02,10,2412,中華電,unclear,0.0,sell,-0.5,0.0,-31.47268309859155,0,0.3427497732279383,1,8,-619040.0,685730.0,0.0,0.0,1,20093000.0,2026-07-01,10.0
2026-07-02,10,2449,京元電子,hedge_suspect,0.1377312045486696,sell,-0.8877913929769624,-0.04228054222580916,40.034936348397615,1,1.2274566827158986,6,4,42277020.0,409217690.0,0.0066064837030872245,0.5305085624038265,4,136194686.0,2026-06-30,10.0
2026-07-02,10,2454,聯發科,unclear,2.0443300503581043,neutral,-0.06178732959343325,-0.00010565797809890238,-5.380995639370938,4,0.5447405782401687,6,4,2862060.0,465292110.0,0.018233986387604983,0.42870133322710224,14,17865452873.0,2026-07-02,10.0
2026-07-02,10,2461,光群雷,unclear,0.0,buy,0.5,0.11143695014662747,-0.026487730345110327,0,,0,0,0.0,0.0,,0.0,1,47564500.0,2026-07-01,10.0
2026-07-02,10,2506,太設,unclear,0.0,neutral,0.0,0.0,0.037393055220060874,0,,0,0,0.0,0.0,,0.0,2,12460870.0,2026-06-29,10.0
2026-07-02,10,2528,皇普,unclear,0.0,neutral,0.0,-0.06249999999999989,0.65616,0,,0,0,0.0,0.0,,0.0,1,21000000.0,2026-07-01,10.0
2026-07-02,10,2536,宏普,unclear,0.0,neutral,0.0,0.12676056338028174,-0.6695469047619048,0,,0,0,0.0,0.0,,0.0,1,15120000.0,2026-06-22,10.0
2026-07-02,10,2603,長榮,unclear,0.0,buy,0.3283733467559827,-0.0034061321226463567,5.696698561748463,0,0.6513955345720809,3,7,-16233410.0,51843250.0,0.0007150400486080638,0.07497109895009292,3,147333060.0,2026-06-22,10.0
2026-07-02,10,2610,華航,lean_buy,1.0087232646294395,buy,0.5,0.0,7.194652962962963,1,0.6724821764196263,6,4,24012450.0,103162500.0,0.0,0.9170677423841981,1,59400000.0,2026-06-18,10.0
2026-07-02,10,2633,台灣高鐵,unclear,0.0,neutral,0.0,0.0,-0.03249745547073791,0,0.0,0,3,-255140.0,354140.0,0.0,0.0,1,20553900.0,2026-06-18,10.0
2026-07-02,10,2812,台中銀,unclear,0.0,sell,-0.5,0.0,-1.019846,0,,0,0,0.0,0.0,,0.0,1,29700000.0,2026-06-18,10.0
2026-07-02,10,2834,臺企銀,unclear,0.5126159200390468,neutral,0.0,-0.0842696629213483,21.322764147239265,1,0.5126159200390468,5,5,234290.0,1600710.0,0.0,1.0,1,8150000.0,2026-06-29,10.0
2026-07-02,10,2845,遠東銀,unclear,0.0,sell,-0.5,-0.020000000000000018,0.30519128990595035,0,,0,0,0.0,0.0,,0.0,1,140290701.0,2026-07-02,10.0
2026-07-02,10,2881,富邦金,unclear,0.0,buy,0.2641662824642903,0.011510833083493916,0.7572665652693465,0,0.6598341609921151,3,7,-16330870.0,63213020.0,0.0,0.0,5,3187230850.0,2026-07-01,10.0
2026-07-02,10,2882,國泰金,unclear,0.0,neutral,-0.24272129647894616,0.0002637474173796437,-0.5678691869235922,0,0.24586437506497105,4,6,-33204660.0,85729890.0,0.04019298286746898,0.07245338025843706,3,4181750900.0,2026-07-01,10.0
2026-07-02,10,2882A,國泰特,unclear,0.0,neutral,0.0,-0.001380627338972139,0.00495427896832543,0,,0,0,0.0,0.0,,0.0,3,94998000.0,2026-06-29,10.0
2026-07-02,10,2883,凱基金,unclear,0.0,buy,0.3608967685662517,-0.03505548110735137,5.265244027832735,0,0.3352003634938244,3,7,-28059220.0,73594880.0,0.0,0.06378649329379506,6,365390595.0,2026-07-01,10.0
2026-07-02,10,2885,元大金,sell_avoid,0.03405594985559754,sell,-0.6372030010376244,-0.004738490311400699,-22.665585695941466,2,0.04693526952124728,5,5,-1491050.0,11997610.0,0.0,0.6054327808471455,3,60696340.0,2026-07-01,10.0
2026-07-02,10,2886,兆豐金,unclear,0.0,buy,0.264520881191963,-0.001309870790513159,8.75462698705997,0,0.7382429724971161,4,6,-387810.0,8757310.0,0.0,0.0,2,39560960.0,2026-07-01,10.0
2026-07-02,10,2887,台新新光金,unclear,0.0,buy,0.7985942122861994,0.010865963154038842,7.405374494144009,0,0.4935705084566821,4,6,-2316230.0,43594690.0,0.0,0.10694264649506359,2,71401250.0,2026-07-01,10.0
2026-07-02,10,2887H,台新新光庚特二,unclear,0.0,neutral,-0.14110633031850697,-0.021094489483640698,,0,,0,0,0.0,0.0,,0.0,2,146907300.0,2026-07-02,10.0
2026-07-02,10,2890,永豐金,unclear,0.0,buy,0.5,0.0012114150203411142,15.688586949654699,0,0.4334067413241552,3,7,2934730.0,25918630.0,0.0,0.0,2,66796700.0,2026-07-01,10.0
2026-07-02,10,2891,中信金,unclear,0.0,buy,0.3686022087603354,0.0028684235887726454,-3.338685690658291,0,0.43438493654436366,4,6,829530.0,20828690.0,0.0,0.12229690735648573,10,353891451.0,2026-07-02,10.0
2026-07-02,10,2912,統一超,unclear,0.0,sell,-0.5,0.0,-33.449966865473826,0,,0,0,0.0,0.0,,0.0,1,20235690.0,2026-06-18,10.0
2026-07-02,10,3016,嘉晶,unclear,1.2082192745818248,neutral,0.0,-0.04938271604938271,1.0097446215853112,1,1.2082192745818248,5,5,-3518300.0,55210770.0,0.02825481332718236,0.985190633591518,1,1674750000.0,2026-06-29,10.0
2026-07-02,10,3017,奇鋐,same_dir_buy,12.03277977783236,buy,0.34582203611650114,-0.00320270787244827,4.346998068005291,3,2.980280070450251,6,4,289731780.0,638876750.0,0.021244598429978865,0.9660437965287625,4,413612934.0,2026-06-29,10.0
2026-07-02,10,3022,威強電,unclear,9.041191424824252,neutral,0.0,0.0,0.07859956355701038,3,3.013730474941417,5,5,-444670.0,8418840.0,0.0,0.5522936612368983,1,150122700.0,2026-06-23,10.0
2026-07-02,10,3034,聯詠,lean_buy,0.0,buy,0.2717146156189809,-0.055833590924404035,1.8363953418433814,0,0.6462575351273939,6,4,11055730.0,213021960.0,0.0022326806118956,0.2858425962189879,4,751160660.0,2026-06-29,10.0
2026-07-02,10,3036,文曄,sell_avoid,0.1704562901503713,sell,-0.7992027605901951,-0.06953650880478507,-3.383215024095669,1,0.848897577732575,3,7,-5332730.0,54418250.0,0.009296329815824655,0.8249494552784277,2,336160000.0,2026-06-23,10.0
2026-07-02,10,3037,欣興,unclear,0.0,buy,0.41450797484232316,0.026538150042587146,-2.536479394126511,0,0.8453116992261978,4,6,-24625590.0,131532780.0,0.0012555045213824266,0.014519675823298871,5,2084580400.0,2026-07-02,10.0
2026-07-02,10,3044,健鼎,unclear,0.0,buy,0.270040125568589,0.009470978595541904,-1.4067201916500347,0,0.4898638185042234,3,7,-17289120.0,65915870.0,0.0010217569759755883,0.008751379157173767,6,548188369.0,2026-07-01,10.0
2026-07-02,10,3231,緯創,unclear,0.0,buy,0.5,0.0,7.560117142857143,0,0.7633964674800504,5,5,-16341930.0,154708960.0,0.008022159802509176,0.013828886606588363,1,110950000.0,2026-06-30,10.0
2026-07-02,10,3311,閎暉,unclear,0.0,neutral,0.0,0.0,0.046650420168067225,0,,0,0,0.0,0.0,,0.0,1,22461250.0,2026-06-25,10.0
2026-07-02,10,3376,新日興,unclear,0.0,neutral,0.0,0.017480719794344513,-39.21185802112659,0,0.2676523788188049,3,7,-3851410.0,65919610.0,0.015337014281486192,0.000270143397429652,1,16623600.0,2026-06-26,10.0
2026-07-02,10,3443,創意,hedge_suspect,3.2764252305657164,sell,-0.5,0.0,-8.087133333333334,3,2.184283487043811,4,6,10792680.0,43188920.0,0.0016863121374648868,0.9989868380010883,1,132600000.0,2026-06-26,10.0
2026-07-02,10,3481,群創,hedge_suspect,0.0,sell,-0.5,0.0,-41.076054989816704,0,0.4146973015428225,6,4,155523820.0,552789580.0,0.008166452775756013,0.3055351557060876,1,34075400.0,2026-06-24,10.0
2026-07-02,10,3533,嘉澤,unclear,2.43510919498637,neutral,0.0,0.006073744630174377,-5.195781417645416,2,1.217554597493185,5,5,-27036560.0,113607400.0,0.005242088103415798,0.3911959526358306,2,51708840.0,2026-06-30,10.0
2026-07-02,10,3653,健策,unclear,1.1068402713013423,neutral,-0.24913918170893445,0.019070823675007325,-8.028458546851553,1,1.474095124340719,4,6,-7912840.0,31249090.0,0.36086330833953884,0.7116081000188913,3,401507500.0,2026-06-24,10.0
2026-07-02,10,3661,世芯-KY,hedge_suspect,8.693304036229408,sell,-0.4910068299364507,-0.01661759521814208,-1.6847776278687105,4,4.269852989944847,6,4,252549630.0,653937620.0,0.018064735287748088,0.9373066131973264,7,3571172320.0,2026-06-29,10.0
2026-07-02,10,3665,貿聯-KY,unclear,0.0,neutral,0.10710441334768568,-0.0062593659638236565,3.36308445053332,0,1.4557408690762752,4,6,-17461630.0,195386720.0,0.01859368947899837,0.262670398360126,2,102190000.0,2026-07-02,10.0
2026-07-02,10,3702,大聯大,sell_avoid,0.0,sell,-0.5,0.0,-1.859375,0,0.9362319616169142,4,6,633880.0,26981240.0,0.0,0.0041331580405313305,1,111280000.0,2026-06-25,10.0
2026-07-02,10,3711,日月光投控,unclear,8.15966537937347,buy,0.4799651425126213,-0.0008548635179660008,20.980634500843102,3,1.8378057574879412,5,5,38024820.0,597949920.0,0.014688153148343928,0.954400568375434,16,2426151922.0,2026-07-02,10.0
2026-07-02,10,4722,國精化,unclear,0.0,buy,0.5,0.147005444646098,-0.21299107534079845,0,0.825305272113481,4,6,17242870.0,60033430.0,0.005116316025920891,0.08780615454559872,1,164320000.0,2026-07-01,10.0
2026-07-02,10,4919,新唐,unclear,0.652131714451942,neutral,0.0,-0.025445292620865145,4.365911569575825,1,0.652131714451942,4,6,1195020.0,40883440.0,0.0,0.9246970246507498,1,58407500.0,2026-06-18,10.0
2026-07-02,10,4958,臻鼎-KY,unclear,0.0,neutral,-0.11925053982147332,-0.0017792030849463653,-3.35359863490235,0,0.5125455731290313,4,6,-206358050.0,624191830.0,0.011889918520721427,0.041877174491233286,3,1659808000.0,2026-06-24,10.0
2026-07-02,10,5007,三星,unclear,0.0,buy,0.5,0.03571428571428581,-0.010344827586206896,0,,0,0,0.0,0.0,,0.0,1,40600000.0,2026-06-18,10.0
2026-07-02,10,5434,崇越,unclear,0.263250630006761,neutral,0.0,-0.0080328711984248,6.410958403683929,1,0.263250630006761,5,5,421720.0,4904360.0,0.0,0.7626274418242664,2,50094340.0,2026-06-25,10.0
2026-07-02,10,5538,東明-KY,unclear,0.0,neutral,0.0,0.0,0.0031080031080031076,0,,0,0,0.0,0.0,,0.0,1,41570100.0,2026-06-22,10.0
2026-07-02,10,5871,中租-KY,unclear,0.3185548133328812,buy,0.5,0.0,0.7717751159196291,1,0.21236987555525413,4,6,-2433390.0,6019280.0,0.0,1.0,1,152045000.0,2026-06-30,10.0
2026-07-02,10,5876,上海商銀,unclear,0.0,neutral,0.0,0.044205495818399054,-6.245016734792408,0,,0,0,0.0,0.0,,0.0,1,15012436.0,2026-07-02,10.0
2026-07-02,10,6214,精誠,unclear,1.8322963649653254,neutral,0.0,0.08851408030131293,-9.643721089611933,1,1.8322963649653254,3,7,-2972230.0,9221550.0,0.0,0.8270561106840891,3,46255000.0,2026-06-22,10.0
2026-07-02,10,6285,啟碁,unclear,0.7089708037171476,buy,1.0,0.006355932203389925,1.3286648523748394,1,0.3544854018585738,4,6,-19515850.0,225653250.0,0.04429929548987218,0.8340215108407809,1,19475000.0,2026-06-29,10.0
2026-07-02,10,6415,矽力*-KY,lean_buy,0.8769678351449475,buy,1.0,0.05010852713178293,40.69797475058247,1,0.43848391757247374,6,4,15151370.0,60042410.0,0.0,0.4565222842413027,1,20996920.0,2026-06-23,10.0
2026-07-02,10,6446,藥華藥,unclear,0.0,neutral,0.0,-0.011605606625001432,16.123210611429023,0,,0,0,0.0,0.0,,0.0,2,51969777.0,2026-06-25,10.0
2026-07-02,10,6464,台數科,unclear,0.0,neutral,0.0,0.0,0.004830917874396135,0,,0,0,0.0,0.0,,0.0,1,32292000.0,2026-06-30,10.0
2026-07-02,10,6669,緯穎,lean_buy,10.446918920095506,neutral,0.0,-0.005461767626613657,56.700685971043434,4,2.6117297300238764,5,5,114001260.0,490318830.0,0.0163957806800934,0.9539123628322211,1,25037500.0,2026-07-01,10.0
2026-07-02,10,6770,力積電,sell_avoid,0.0,sell,-0.3830876052695453,-0.041705913498841486,-6.32937394681057,0,0.9586298064438247,5,5,-68820790.0,394128430.0,0.02451782024453298,0.09588746736034363,6,1265240100.0,2026-06-25,10.0
2026-07-02,10,6902,GOGOLOOK,unclear,0.0,sell,-0.5,-0.08045977011494254,-0.004882625818330605,0,,0,0,0.0,0.0,,0.0,1,586560000.0,2026-06-22,10.0
2026-07-02,10,6918,愛派司,unclear,0.0,buy,0.5,0.03734439834024905,-0.023627450980392158,0,,0,0,0.0,0.0,,0.0,1,15300000.0,2026-06-30,10.0
2026-07-02,10,6994,富威電力,unclear,0.0,neutral,-0.14735134623126286,-0.050206022718189705,0.3528968362973312,0,1.6121495327102804,4,2,-8260.0,17650.0,0.0,0.0,6,168916000.0,2026-06-30,10.0
2026-07-02,10,7610,聯友金屬-創,unclear,0.0,neutral,0.0,0.0,0.2955388888888889,0,,0,0,0.0,0.0,,0.0,1,833400000.0,2026-06-18,10.0
2026-07-02,10,7769,鴻勁,sell_avoid,0.0,sell,-0.6255228803895454,-0.00765506032606698,-22.64189561842426,0,0.7101459624290222,3,7,-17826810.0,58992650.0,0.0,0.3255944444858245,8,397126674.0,2026-07-02,10.0
2026-07-02,10,8464,億豐,unclear,18.382298894131296,buy,0.5842342009337557,0.01145755441182931,1.5664949587430124,3,3.867757028032151,7,3,2127120.0,3272230.0,0.0,0.9911084459424531,2,43962250.0,2026-06-26,10.0
2026-07-02,10,9904,寶成,unclear,0.37050812676351935,sell,-0.5,0.0,-9.203103684210525,1,0.7410162535270387,2,8,-3470000.0,4921440.0,0.0,0.9037668754130346,1,49685000.0,2026-06-18,10.0
2026-07-02,10,9945,潤泰新,unclear,0.0,neutral,0.0,0.09812030075187961,-3.8840090807335486,0,0.735868138218685,4,6,-1181170.0,6392610.0,0.0,0.0,1,20593050.0,2026-07-01,10.0
2026-07-02,15,0050,元大台灣50,hedge_suspect,0.0,sell,-0.7059651097355093,-0.017604095645597315,-4.997621435551491,0,0.5515286918866348,9,6,39302860.0,873254970.0,0.1763217219364924,0.013694837295425095,2,3554000000.0,2026-06-17,15.0
2026-07-02,15,01010T,京城樂富R1,unclear,0.0,neutral,0.0,0.002037066169732317,0.002345903466072371,0,,0,0,0.0,0.0,,0.0,2,230007580.0,2026-07-01,15.0
2026-07-02,15,1216,統一,unclear,0.32221172244056107,sell,-0.2658172460854074,-0.04634369659964813,-2.625512528286451,1,0.43887127656235286,8,7,2796940.0,9248710.0,0.0,0.9848376484050922,3,182375300.0,2026-07-01,15.0
2026-07-02,15,1301,台塑,unclear,2.1607263796612,neutral,0.0,0.15257315842583252,-9.516352622637534,1,2.1607263796612,9,6,93256140.0,198802450.0,0.0016482191240600908,0.8112793799203433,1,33180910.0,2026-06-23,15.0
2026-07-02,15,1303,南亞,unclear,3.140978155535579,neutral,0.0,-0.12360285598228789,27.374433116233117,3,1.0469927185118597,11,4,272552870.0,697404020.0,0.014764755729397717,0.9417818590761142,2,172877150.0,2026-07-02,15.0
2026-07-02,15,1326,台化,lean_buy,8.621786431790063,neutral,0.0,0.08516350089199942,-36.870130468283264,4,2.155446607947516,12,3,95168120.0,223559040.0,0.02015883589408865,0.964272561307337,2,35820200.0,2026-06-23,15.0
2026-07-02,15,1423,利華,unclear,0.0,buy,0.5,0.10176052316873126,-0.010633648278566698,0,,0,0,0.0,0.0,,0.0,2,75859750.0,2026-06-25,15.0
2026-07-02,15,1436,華友聯,unclear,0.0,neutral,0.0,0.0,0.037333333333333336,0,,0,0,0.0,0.0,,0.0,1,134850000.0,2026-07-01,15.0
2026-07-02,15,1466,聚隆,unclear,0.0,sell,-0.5,-0.17887333246062684,0.08402426395158463,0,,0,0,0.0,0.0,,0.0,2,26660950.0,2026-07-02,15.0
2026-07-02,15,1472,三洋實業,unclear,0.0,buy,0.5,0.0978021978021979,0.00019943454695471962,0,,0,0,0.0,0.0,,0.0,1,456290053.0,2026-06-17,15.0
2026-07-02,15,1519,華城,sell_avoid,0.15468206873397394,sell,-0.5,0.0005796172564651469,-3.500202017533722,1,0.3093641374679479,6,9,-3777890.0,160382050.0,0.05612111829222784,0.7606106479926614,2,181707000.0,2026-06-29,15.0
2026-07-02,15,2002,中鋼,unclear,0.0,buy,0.5,0.0,6.859949484944533,0,0.4234032597908465,5,10,556090.0,20285290.0,0.0,0.10542690223129443,1,96416800.0,2026-06-18,15.0
2026-07-02,15,2027,大成鋼,sell_avoid,0.0,sell,-1.0,-0.09789343246592319,-4.425466814566187,0,1.7015549309079598,6,9,-25126040.0,105963950.0,0.0,0.019046716332902006,1,17399200.0,2026-06-30,15.0
2026-07-02,15,2059,川湖,hedge_suspect,2.1232720948947157,sell,-0.5,0.003813218390804618,-0.9703830508377538,4,1.0616360474473578,8,7,45853680.0,308883880.0,0.008237529261805439,0.6896732958275346,1,419192400.0,2026-06-15,15.0
2026-07-02,15,2101,南港,unclear,0.0,neutral,-0.13389416176358154,-0.004352170134286754,0.058311704923035626,0,0.0,0,0,0.0,12740.0,0.0,0.0,6,701148002.0,2026-06-29,15.0
2026-07-02,15,2106,建大,unclear,0.0,neutral,0.0,0.10816901408450708,-0.6363416111321201,0,,0,0,0.0,0.0,,0.0,1,11979030.0,2026-06-17,15.0
2026-07-02,15,2211,長榮鋼,unclear,0.0,sell,-1.0,-0.10010649627263046,-0.5513787844668567,0,0.0,2,2,-38050.0,122870.0,0.0,0.0,1,20871500.0,2026-06-30,15.0
2026-07-02,15,2301,光寶科,unclear,0.0,neutral,-0.041079927380313346,0.011219475153711508,-29.762073483267542,0,1.4323625947015448,5,10,-16725420.0,368274560.0,0.008902922862768474,0.2764553516414753,6,626681305.0,2026-06-17,15.0
2026-07-02,15,2303,聯電,unclear,0.0,neutral,0.19986775477968505,0.0,0.11883416313465313,0,0.5366772865741269,10,5,420421090.0,1309026400.0,0.013135655629252396,0.016275115789752444,4,6622167500.0,2026-06-26,15.0
2026-07-02,15,2308,台達電,unclear,0.0,neutral,-0.2272236151472843,0.003242369488661292,-20.689655122092216,0,0.5188180422594808,6,9,-59252110.0,332264800.0,0.01637934563035266,0.26089932789185233,33,8366877480.0,2026-07-02,15.0
2026-07-02,15,2317,鴻海,sell_avoid,0.0,sell,-0.343826300976754,0.0035148824093118583,-18.24695499300169,0,0.43171709118622137,6,9,-122682850.0,783302740.0,0.022149469309912028,0.004428324850920211,25,3588771637.0,2026-07-02,15.0
2026-07-02,15,2327,國巨*,unclear,0.0,neutral,-0.14859811213617838,0.006697414886759772,-4.8631547321454205,0,1.0023713769204943,10,5,364165820.0,1150783070.0,0.009930716134014727,0.0003612862610002159,17,9777964061.0,2026-07-01,15.0
2026-07-02,15,2330,台積電,unclear,0.0,neutral,-0.11233215684880618,-0.00175596344892728,-4.779040341467014,0,0.8702514972235327,8,7,316334030.0,2660073060.0,0.019621438517933038,0.016261046438068708,121,131769009073.0,2026-07-02,15.0
2026-07-02,15,2344,華邦電,hedge_suspect,0.0,sell,-0.5357549921503054,-0.0011291050152728065,-11.772247157860194,0,0.7182879335263935,9,6,294483280.0,1301460440.0,0.018590661119134745,0.0,3,960371124.0,2026-07-01,15.0
2026-07-02,15,2345,智邦,lean_buy,8.846636718449895,neutral,0.042925066940788445,0.006478964348979522,12.181929663866937,3,2.8275079386095405,9,6,153419380.0,571382360.0,0.02687086804709897,0.9158929189502036,5,159216828.0,2026-06-26,15.0
2026-07-02,15,2357,華碩,unclear,1.1144049908946554,neutral,0.0,0.0054553527951281145,-1.6951260014333756,1,1.1144049908946554,5,10,-26214620.0,129695870.0,0.09709476485257394,0.8793661335047228,2,906950000.0,2026-07-02,15.0
2026-07-02,15,2360,致茂,unclear,0.0,neutral,0.21284534288570367,-0.003049840074130045,2.8142672797032957,0,0.7383771367129749,7,8,-8172170.0,29025450.0,0.00013264221571069527,0.0,18,3160788401.0,2026-06-30,15.0
2026-07-02,15,2382,廣達,unclear,0.0,neutral,0.1662857972487387,-0.020948536565540077,5.704943299579519,0,,0,0,0.0,0.0,,0.0,5,943621750.0,2026-06-30,15.0
2026-07-02,15,2383,台光電,hedge_suspect,0.5280321635259536,sell,-0.3373378970050895,-0.002502281044175593,-5.4573166100888635,2,0.3984173541383346,10,5,19402170.0,109521130.0,0.004893028404655796,0.42456851439553955,7,1207380145.0,2026-06-29,15.0
2026-07-02,15,2385,群光,unclear,0.0,buy,0.5,0.07035976313203238,0.010099157561361836,0,0.2480222786307514,3,12,-8177930.0,13120020.0,0.0,0.0,2,315750000.0,2026-06-12,15.0
2026-07-02,15,2395,研華,unclear,7.770399500449092,neutral,0.15860882704109214,-0.0021744254756216256,2.1625488546438567,4,1.6766658683874978,10,5,35313400.0,106097890.0,0.0,0.5618290694370669,8,699533551.0,2026-06-29,15.0
2026-07-02,15,2408,南亞科,hedge_suspect,0.0,sell,-0.2654267834398365,0.007696446898693131,5.3688730258839445,0,0.6880463780912334,10,5,396175330.0,1732994850.0,0.02445621808974216,0.0,5,777050757.0,2026-06-29,15.0
2026-07-02,15,2412,中華電,unclear,0.0,sell,-0.5,0.0,-31.47268309859155,0,0.3427497732279383,4,10,-185500.0,1183680.0,0.0,0.0,1,20093000.0,2026-07-01,15.0
2026-07-02,15,2449,京元電子,hedge_suspect,0.1377312045486696,sell,-0.8877913929769624,-0.04228054222580916,40.034936348397615,1,1.2274566827158986,8,7,27949170.0,476314970.0,0.00887591250806163,0.5305085624038265,4,136194686.0,2026-06-30,15.0
2026-07-02,15,2454,聯發科,unclear,2.1750163650214986,neutral,-0.0018109298704735142,0.0014500350003222898,-3.2931362125262966,4,0.5447405782401687,9,6,23401070.0,657310020.0,0.01767884201734822,0.42870133322710224,23,27129672883.0,2026-07-02,15.0
2026-07-02,15,2461,光群雷,unclear,0.0,buy,0.5,0.11143695014662747,-0.026487730345110327,0,,0,0,0.0,0.0,,0.0,1,47564500.0,2026-07-01,15.0
2026-07-02,15,2481,強茂,unclear,2.141260093379012,neutral,0.0,-0.01546391752577314,4.854996381275023,3,0.7137533644596707,8,7,8181390.0,258137510.0,0.000555014263521795,0.8578060260722401,1,19482000.0,2026-06-17,15.0
2026-07-02,15,2489,瑞軒,unclear,0.3338284942606347,neutral,0.0,-0.13326413281803365,8.384346801070334,1,0.3338284942606347,9,6,5024820.0,40630450.0,0.005207670601728507,0.3646689071446353,2,62111400.0,2026-06-17,15.0
2026-07-02,15,2504,國產,unclear,0.0,buy,0.5,0.1117241379310343,-0.07949323257387773,0,,0,0,0.0,0.0,,0.0,1,199485000.0,2026-06-16,15.0
2026-07-02,15,2506,太設,unclear,0.0,neutral,0.0,0.0,0.037393055220060874,0,,0,0,0.0,0.0,,0.0,2,12460870.0,2026-06-29,15.0
2026-07-02,15,2528,皇普,unclear,0.0,neutral,0.0,-0.06249999999999989,0.65616,0,,0,0,0.0,0.0,,0.0,1,21000000.0,2026-07-01,15.0
2026-07-02,15,2534,宏盛,unclear,0.0,buy,0.5,0.10039922216725057,0.020488916158731812,0,,0,0,0.0,0.0,,0.0,3,53090800.0,2026-06-16,15.0
2026-07-02,15,2536,宏普,unclear,0.0,neutral,0.0,0.12676056338028174,-0.6695469047619048,0,,0,0,0.0,0.0,,0.0,1,15120000.0,2026-06-22,15.0
2026-07-02,15,2603,長榮,unclear,0.0,neutral,0.1993783389721322,-0.003769604570843581,3.3309326092040297,0,0.6513955345720809,5,10,-31483030.0,118446860.0,0.000752320492075518,0.07497109895009292,4,163178960.0,2026-06-22,15.0
2026-07-02,15,2610,華航,lean_buy,1.0087232646294395,buy,0.5,0.0,7.194652962962963,1,0.6724821764196263,9,6,37376360.0,130952290.0,0.0,0.9170677423841981,1,59400000.0,2026-06-18,15.0
2026-07-02,15,2633,台灣高鐵,unclear,0.0,neutral,0.0,0.0,-0.03249745547073791,0,0.0,2,3,-42000.0,710830.0,0.0,0.0,1,20553900.0,2026-06-18,15.0
2026-07-02,15,2812,台中銀,unclear,0.0,sell,-0.5,0.0,-1.019846,0,,0,0,0.0,0.0,,0.0,1,29700000.0,2026-06-18,15.0
2026-07-02,15,2816,旺旺保,unclear,0.0,sell,-0.5,-0.11538461538461531,-0.022296544035674472,0,,0,0,0.0,0.0,,0.0,1,15159300.0,2026-06-15,15.0
2026-07-02,15,2834,臺企銀,unclear,0.9885923334057126,buy,0.9285244463933348,0.07814896696548279,2.9011318938829205,1,0.5126159200390468,7,8,-3494920.0,6715260.0,0.0,1.0,2,114025000.0,2026-06-29,15.0
2026-07-02,15,2845,遠東銀,unclear,0.0,sell,-0.5,-0.020000000000000018,0.30519128990595035,0,,0,0,0.0,0.0,,0.0,1,140290701.0,2026-07-02,15.0
2026-07-02,15,2881,富邦金,unclear,0.0,buy,0.27472490405019484,0.012351694023539434,0.77534271560404,0,0.6598341609921151,7,8,3504370.0,106232090.0,0.0,0.0,6,3233630850.0,2026-07-01,15.0
2026-07-02,15,2882,國泰金,unclear,0.0,neutral,-0.24272129647894616,0.0002637474173796437,-0.5678691869235922,0,0.24586437506497105,7,8,-6646190.0,148365350.0,0.024881348643736558,0.07245338025843706,3,4181750900.0,2026-07-01,15.0
2026-07-02,15,2882A,國泰特,unclear,0.0,neutral,0.0,-0.0020122177468216147,-0.005000772553524524,0,,0,0,0.0,0.0,,0.0,4,144438000.0,2026-06-29,15.0
2026-07-02,15,2883,凱基金,unclear,0.0,buy,0.4364341228667887,-0.021323695280752827,4.814853655863971,0,0.3352003634938244,6,9,4041140.0,128189510.0,0.0,0.06378649329379506,7,414365595.0,2026-07-01,15.0
2026-07-02,15,2885,元大金,hedge_suspect,0.03405594985559754,sell,-0.6372030010376244,-0.004738490311400699,-22.665585695941466,2,0.04693526952124728,9,6,5921210.0,24296650.0,0.0,0.6054327808471455,3,60696340.0,2026-07-01,15.0
2026-07-02,15,2886,兆豐金,lean_buy,0.0,buy,0.4435311036038384,0.0014198984206720954,9.256393526278538,0,0.7382429724971161,8,7,1141440.0,12974640.0,0.0,0.0,7,164971880.0,2026-07-01,15.0
2026-07-02,15,2887,台新新光金,lean_buy,0.0,buy,0.7985942122861994,0.010865963154038842,7.405374494144009,0,0.4935705084566821,8,7,37396980.0,89367880.0,0.0,0.10694264649506359,2,71401250.0,2026-07-01,15.0
2026-07-02,15,2887H,台新新光庚特二,unclear,0.0,neutral,-0.14110633031850697,-0.021094489483640698,,0,,0,0,0.0,0.0,,0.0,2,146907300.0,2026-07-02,15.0
2026-07-02,15,2890,永豐金,lean_buy,0.0,buy,0.27630709872241316,-0.06192926867049518,14.41731686765083,0,0.4334067413241552,8,7,12142400.0,36217880.0,0.0,0.0,4,175776700.0,2026-07-01,15.0
2026-07-02,15,2891,中信金,unclear,0.0,buy,0.36428853238362474,0.002036329662780403,3.0862126403816976,0,0.43438493654436366,6,9,4278250.0,40238930.0,0.0,0.12229690735648573,13,415982201.0,2026-07-02,15.0
2026-07-02,15,2912,統一超,unclear,0.0,sell,-0.5,0.0,-33.449966865473826,0,,0,0,0.0,0.0,,0.0,1,20235690.0,2026-06-18,15.0
2026-07-02,15,3008,大立光,unclear,0.0,buy,0.5,-0.00027599611273076974,15.120761506691494,0,0.4305534841031134,7,8,99512080.0,775346960.0,0.01174416160734028,0.07272932968794192,1,262322580.0,2026-06-17,15.0
2026-07-02,15,3016,嘉晶,unclear,1.2082192745818248,neutral,0.0,-0.04938271604938271,1.0097446215853112,1,1.2082192745818248,8,7,-1485150.0,81219600.0,0.027261153711665657,0.985190633591518,1,1674750000.0,2026-06-29,15.0
2026-07-02,15,3017,奇鋐,lean_buy,10.599577484919223,neutral,0.18552364591670445,0.0064161075918554595,3.651964082270937,3,2.980280070450251,8,7,251503270.0,758125500.0,0.02348880231571158,0.9660437965287625,7,681081144.0,2026-06-29,15.0
2026-07-02,15,3022,威強電,unclear,9.041191424824252,neutral,0.0,0.0,0.07859956355701038,3,3.013730474941417,8,7,-330230.0,17556250.0,0.0,0.5522936612368983,1,150122700.0,2026-06-23,15.0
2026-07-02,15,3034,聯詠,lean_buy,0.0,buy,0.2717146156189809,-0.055833590924404035,1.8363953418433814,0,0.6462575351273939,10,5,52113730.0,290884510.0,0.0033802418698747486,0.2858425962189879,4,751160660.0,2026-06-29,15.0
2026-07-02,15,3036,文曄,unclear,0.7330081340310266,neutral,-0.13651758085008536,-0.00032878668465497987,-1.3518401212458981,1,0.848897577732575,4,11,-26706580.0,103025040.0,0.006786117239071201,0.8249494552784277,7,2565860000.0,2026-06-23,15.0
2026-07-02,15,3037,欣興,unclear,0.0,buy,0.41184013701737743,0.02602839223928967,0.5648355870282578,0,0.8453116992261978,8,7,-7154980.0,176312610.0,0.002111873903970907,0.014519675823298871,7,2118972100.0,2026-07-02,15.0
2026-07-02,15,3044,健鼎,unclear,0.0,buy,0.270040125568589,0.009470978595541904,-1.4067201916500347,0,0.4898638185042234,7,8,38201720.0,127642960.0,0.0018038597663357226,0.008751379157173767,6,548188369.0,2026-07-01,15.0
2026-07-02,15,3231,緯創,lean_buy,0.0,buy,0.26701722245746234,0.0011201095074160426,0.9554548128688829,0,0.7633964674800504,8,7,3961300.0,235456770.0,0.007450199881702276,0.013828886606588363,2,144651250.0,2026-06-30,15.0
2026-07-02,15,3311,閎暉,unclear,0.0,neutral,0.0,0.0,0.046650420168067225,0,,0,0,0.0,0.0,,0.0,1,22461250.0,2026-06-25,15.0
2026-07-02,15,3376,新日興,unclear,0.0,neutral,0.0,0.017480719794344513,-39.21185802112659,0,0.2676523788188049,3,12,-32032890.0,106277070.0,0.02034013545913526,0.000270143397429652,1,16623600.0,2026-06-26,15.0
2026-07-02,15,3443,創意,hedge_suspect,3.2764252305657164,sell,-0.5,0.0,-8.087133333333334,3,2.184283487043811,7,8,18432050.0,69771430.0,0.0020935503256848827,0.9989868380010883,1,132600000.0,2026-06-26,15.0
2026-07-02,15,3481,群創,hedge_suspect,0.0,sell,-0.5,0.0,-41.076054989816704,0,0.4146973015428225,11,4,257643060.0,698814540.0,0.011353985279127135,0.3055351557060876,1,34075400.0,2026-06-24,15.0
2026-07-02,15,3533,嘉澤,unclear,2.43510919498637,neutral,0.0,0.006073744630174377,-5.195781417645416,2,1.217554597493185,8,7,-16491350.0,193411180.0,0.004066259251404185,0.3911959526358306,2,51708840.0,2026-06-30,15.0
2026-07-02,15,3653,健策,unclear,1.1068402713013423,neutral,-0.24913918170893445,0.019070823675007325,-8.028458546851553,1,1.474095124340719,7,8,-6039670.0,43679330.0,0.40103568438435294,0.7116081000188913,3,401507500.0,2026-06-24,15.0
2026-07-02,15,3661,世芯-KY,hedge_suspect,9.329011065467915,sell,-0.4537861673787734,-0.015319240472510641,-1.5283972325617319,4,4.269852989944847,9,6,306256210.0,829952450.0,0.020821337415173603,0.9373066131973264,9,4512797320.0,2026-06-29,15.0
2026-07-02,15,3665,貿聯-KY,unclear,0.0,neutral,0.10710441334768568,-0.0062593659638236565,3.36308445053332,0,1.4557408690762752,5,9,-48827940.0,322502830.0,0.013655415054807427,0.262670398360126,2,102190000.0,2026-07-02,15.0
2026-07-02,15,3702,大聯大,sell_avoid,0.0,sell,-0.5,0.0,-1.859375,0,0.9362319616169142,6,9,-3762730.0,37102870.0,0.0,0.0041331580405313305,1,111280000.0,2026-06-25,15.0
2026-07-02,15,3711,日月光投控,unclear,7.832652860323249,buy,0.42065301304920266,-0.0016619768365375698,18.77643517731518,3,1.8378057574879412,7,8,48936020.0,703677820.0,0.018487906866241712,0.954400568375434,19,2638487182.0,2026-07-02,15.0
2026-07-02,15,4722,國精化,lean_buy,0.0,buy,0.5,0.147005444646098,-0.21299107534079845,0,0.825305272113481,8,7,39105710.0,92012810.0,0.020109482581827466,0.08780615454559872,1,164320000.0,2026-07-01,15.0
2026-07-02,15,4763,材料*-KY,unclear,15.167449150168991,buy,1.0,0.01237345331833506,3.8549564320987653,2,3.791862287542248,7,8,13169010.0,53963090.0,0.0,0.9939170461249381,1,20250000.0,2026-06-12,15.0
2026-07-02,15,4904,遠傳,unclear,0.0,buy,0.5,0.004482497243674539,11.43959518355218,0,,0,0,0.0,0.0,,0.0,2,62955940.0,2026-06-12,15.0
2026-07-02,15,4919,新唐,hedge_suspect,0.08783592142762515,sell,-0.8653095387310777,-0.018218854246912164,-0.8781111444170969,1,0.652131714451942,8,7,12383220.0,68311090.0,0.0,0.9246970246507498,2,433642438.0,2026-06-18,15.0
2026-07-02,15,4958,臻鼎-KY,unclear,0.0,neutral,-0.10337202257955443,-0.0017335816360424356,-0.5282221530178082,0,0.5125455731290313,9,6,170724110.0,1056373950.0,0.011218574634484313,0.041877174491233286,4,1703488000.0,2026-06-24,15.0
2026-07-02,15,5007,三星,unclear,0.0,buy,0.5,0.03571428571428581,-0.010344827586206896,0,,0,0,0.0,0.0,,0.0,1,40600000.0,2026-06-18,15.0
2026-07-02,15,5434,崇越,unclear,0.263250630006761,neutral,0.0,-0.0080328711984248,6.410958403683929,1,0.263250630006761,7,8,901660.0,8126570.0,0.0,0.7626274418242664,2,50094340.0,2026-06-25,15.0
2026-07-02,15,5538,東明-KY,unclear,0.0,neutral,0.0,0.0,0.0031080031080031076,0,,0,0,0.0,0.0,,0.0,1,41570100.0,2026-06-22,15.0
2026-07-02,15,5871,中租-KY,unclear,0.3185548133328812,buy,0.5,0.0,0.7717751159196291,1,0.21236987555525413,6,9,-2961000.0,9572040.0,0.0,1.0,1,152045000.0,2026-06-30,15.0
2026-07-02,15,5876,上海商銀,unclear,0.0,neutral,0.0,0.044205495818399054,-6.245016734792408,0,,0,0,0.0,0.0,,0.0,1,15012436.0,2026-07-02,15.0
2026-07-02,15,6214,精誠,unclear,1.8322963649653254,neutral,0.0,0.08851408030131293,-9.643721089611933,1,1.8322963649653254,5,10,-3398530.0,11484020.0,0.0,0.8270561106840891,3,46255000.0,2026-06-22,15.0
2026-07-02,15,6239,力成,unclear,0.0,neutral,0.0,0.01982733812949644,-43.89094412341795,0,0.7450508193044011,5,10,-116720210.0,608377210.0,0.007940139638038052,0.017293612558581587,1,55639230.0,2026-06-12,15.0
2026-07-02,15,6285,啟碁,unclear,0.7089708037171476,buy,1.0,0.006355932203389925,1.3286648523748394,1,0.3544854018585738,7,8,-46408140.0,408255090.0,0.036980335015541384,0.8340215108407809,1,19475000.0,2026-06-29,15.0
2026-07-02,15,6415,矽力*-KY,lean_buy,0.8769678351449475,buy,1.0,0.05010852713178293,40.69797475058247,1,0.43848391757247374,9,6,16694310.0,88389170.0,1.5047092307801963e-05,0.4565222842413027,1,20996920.0,2026-06-23,15.0
2026-07-02,15,6446,藥華藥,unclear,0.0,neutral,0.0,-0.011605606625001432,16.123210611429023,0,,0,0,0.0,0.0,,0.0,2,51969777.0,2026-06-25,15.0
2026-07-02,15,6464,台數科,unclear,0.0,neutral,0.0,0.0,0.004830917874396135,0,,0,0,0.0,0.0,,0.0,1,32292000.0,2026-06-30,15.0
2026-07-02,15,6669,緯穎,lean_buy,10.446918920095506,neutral,0.0,-0.005461767626613657,56.700685971043434,4,2.6117297300238764,7,8,109351670.0,672963640.0,0.017416914233286066,0.9539123628322211,1,25037500.0,2026-07-01,15.0
2026-07-02,15,6770,力積電,sell_avoid,0.0,sell,-0.34863069225624205,-0.036314882833513286,-8.85644445961314,0,0.9586298064438247,7,8,-99930190.0,489518500.0,0.025213612968662064,0.09588746736034363,8,1390290100.0,2026-06-25,15.0
2026-07-02,15,6805,富世達,sell_avoid,0.0,sell,-0.5,0.004103746397694508,-61.55677549320496,0,1.4454596813800231,6,9,-15236760.0,184835770.0,2.0288280780284033e-05,0.0031012279441401448,1,31358160.0,2026-06-15,15.0
2026-07-02,15,6902,GOGOLOOK,unclear,0.0,sell,-0.5,-0.08045977011494254,-0.004882625818330605,0,,0,0,0.0,0.0,,0.0,1,586560000.0,2026-06-22,15.0
2026-07-02,15,6918,愛派司,unclear,0.0,buy,0.5,0.03734439834024905,-0.023627450980392158,0,,0,0,0.0,0.0,,0.0,1,15300000.0,2026-06-30,15.0
2026-07-02,15,6994,富威電力,unclear,0.0,sell,-0.280771099235967,-0.0689786285343475,0.24582710477115813,0,1.6121495327102804,5,2,-7990.0,22030.0,0.0,0.0,7,271716000.0,2026-06-30,15.0
2026-07-02,15,7610,聯友金屬-創,unclear,0.0,neutral,0.0,0.0,0.2955388888888889,0,,0,0,0.0,0.0,,0.0,1,833400000.0,2026-06-18,15.0
2026-07-02,15,7769,鴻勁,sell_avoid,0.0,sell,-0.5526462531476263,-0.008518549567707775,-15.708707832701192,0,0.7101459624290222,6,9,-16217240.0,75024230.0,0.0,0.3255944444858245,13,541598600.0,2026-07-02,15.0
2026-07-02,15,8213,志超,unclear,0.0,buy,0.5,0.02351313969571245,-0.047646351351351354,0,0.3013698630136986,1,3,-40770.0,147010.0,0.0,0.0,1,111000000.0,2026-06-16,15.0
2026-07-02,15,8464,億豐,unclear,18.382298894131296,buy,0.5842342009337557,0.01145755441182931,1.5664949587430124,3,3.867757028032151,9,6,1779530.0,4464850.0,0.0,0.9911084459424531,2,43962250.0,2026-06-26,15.0
2026-07-02,15,9904,寶成,unclear,0.37050812676351935,sell,-0.5,0.0,-9.203103684210525,1,0.7410162535270387,3,12,-4026840.0,7620190.0,0.0,0.9037668754130346,1,49685000.0,2026-06-18,15.0
2026-07-02,15,9945,潤泰新,unclear,0.0,neutral,0.0,0.09812030075187961,-3.8840090807335486,0,0.735868138218685,7,8,-415270.0,12646460.0,0.0,0.0,1,20593050.0,2026-07-01,15.0
2026-07-02,20,00403A,主動統一升級50,unclear,0.0,sell,-0.40605031713470563,-0.005614314291620832,0.5630352428190799,0,,0,0,0.0,0.0,,0.0,3,1060275000.0,2026-06-10,20.0
2026-07-02,20,0050,元大台灣50,sell_avoid,0.0,sell,-0.7642210962910869,-0.016522447167550434,-1.0701557615083392,0,0.5515286918866348,10,10,-109045430.0,1119360140.0,0.20109763779868023,0.013694837295425095,7,62565500000.0,2026-06-17,20.0
2026-07-02,20,00878,國泰永續高股息,unclear,0.0,neutral,0.0,-0.012342524170656408,0.9533623715214468,0,,0,0,0.0,0.0,,0.0,3,2181247320.0,2026-06-10,20.0
2026-07-02,20,00918,大華優利高填息30,unclear,0.0,neutral,0.0,0.1492738939547451,-136.56412698971496,0,,0,0,0.0,0.0,,0.0,1,17015000.0,2026-06-08,20.0
2026-07-02,20,00919,群益台灣精選高息,unclear,0.0,neutral,0.0,0.14416553595658055,-158.32757438244886,0,0.8973745704467354,6,10,-737430.0,8172740.0,0.029498063073094213,0.0,1,16865000.0,2026-06-08,20.0
2026-07-02,20,01010T,京城樂富R1,unclear,0.0,neutral,0.0,0.002037066169732317,0.002345903466072371,0,,0,0,0.0,0.0,,0.0,2,230007580.0,2026-07-01,20.0
2026-07-02,20,1216,統一,sell_avoid,0.32221172244056107,sell,-0.2658172460854074,-0.04634369659964813,-2.625512528286451,1,0.43887127656235286,10,10,2161070.0,13506370.0,0.0,0.9848376484050922,3,182375300.0,2026-07-01,20.0
2026-07-02,20,1301,台塑,unclear,2.1607263796612,neutral,0.0,0.15257315842583252,-9.516352622637534,1,2.1607263796612,9,11,70374880.0,225278960.0,0.002147604019478783,0.8112793799203433,1,33180910.0,2026-06-23,20.0
2026-07-02,20,1303,南亞,unclear,3.140978155535579,neutral,0.0,-0.12360285598228789,27.374433116233117,3,1.0469927185118597,12,8,192525070.0,852555370.0,0.01391540117799035,0.9417818590761142,2,172877150.0,2026-07-02,20.0
2026-07-02,20,1326,台化,lean_buy,8.621786431790063,neutral,0.0,0.08516350089199942,-36.870130468283264,4,2.155446607947516,12,8,69290710.0,261055280.0,0.018046062887523286,0.964272561307337,2,35820200.0,2026-06-23,20.0
2026-07-02,20,1423,利華,unclear,0.0,buy,0.5,0.10176052316873126,-0.010633648278566698,0,,0,0,0.0,0.0,,0.0,2,75859750.0,2026-06-25,20.0
2026-07-02,20,1436,華友聯,unclear,0.0,neutral,0.0,0.0,0.037333333333333336,0,,0,0,0.0,0.0,,0.0,1,134850000.0,2026-07-01,20.0
2026-07-02,20,1466,聚隆,unclear,0.0,sell,-0.5,-0.17887333246062684,0.08402426395158463,0,,0,0,0.0,0.0,,0.0,2,26660950.0,2026-07-02,20.0
2026-07-02,20,1472,三洋實業,unclear,0.0,buy,0.5,0.0978021978021979,0.00019943454695471962,0,,0,0,0.0,0.0,,0.0,1,456290053.0,2026-06-17,20.0
2026-07-02,20,1519,華城,sell_avoid,0.15468206873397394,sell,-0.5,0.0005796172564651469,-3.500202017533722,1,0.3093641374679479,7,13,-92852440.0,312440840.0,0.04266257253693211,0.7606106479926614,2,181707000.0,2026-06-29,20.0
2026-07-02,20,1590,亞德客-KY,unclear,2.091755565283667,neutral,-0.19078198266967827,-0.0034441932110226303,0.046335348119935005,2,1.292454888847226,11,9,6631210.0,74555950.0,0.0,0.4616935819479355,7,225701984.0,2026-06-10,20.0
2026-07-02,20,2002,中鋼,unclear,0.0,buy,0.5,0.0,6.859949484944533,0,0.4234032597908465,5,15,-7660620.0,32158030.0,0.0,0.10542690223129443,1,96416800.0,2026-06-18,20.0
2026-07-02,20,2027,大成鋼,sell_avoid,0.0,sell,-1.0,-0.09789343246592319,-4.425466814566187,0,1.7015549309079598,8,12,-28022210.0,149156450.0,0.0,0.019046716332902006,1,17399200.0,2026-06-30,20.0
2026-07-02,20,2059,川湖,unclear,3.9072230528447327,neutral,-0.0799052410099903,-0.0010636247224487588,0.9556619498251847,4,1.0616360474473578,12,8,142802050.0,530498010.0,0.007060554289355393,0.6896732958275346,3,732738920.0,2026-06-15,20.0
2026-07-02,20,2101,南港,unclear,0.0,neutral,-0.13389416176358154,-0.004352170134286754,0.058311704923035626,0,0.0,1,1,17380.0,32780.0,0.0,0.0,6,701148002.0,2026-06-29,20.0
2026-07-02,20,2106,建大,unclear,0.0,neutral,0.0,0.10816901408450708,-0.6363416111321201,0,,0,0,0.0,0.0,,0.0,1,11979030.0,2026-06-17,20.0
2026-07-02,20,2211,長榮鋼,unclear,0.0,sell,-1.0,-0.10010649627263046,-0.5513787844668567,0,0.0,4,4,-58210.0,227980.0,0.0,0.0,1,20871500.0,2026-06-30,20.0
2026-07-02,20,2301,光寶科,unclear,0.0,neutral,-0.12197275213127352,0.009438570556837928,-25.092424587593037,0,1.4323625947015448,7,13,-26249920.0,544790230.0,0.007860291474022946,0.2764553516414753,7,760782805.0,2026-06-17,20.0
2026-07-02,20,2303,聯電,unclear,0.0,neutral,0.06639144532462932,0.0002629132217109963,-0.5345610157477618,0,0.5366772865741269,12,8,398571470.0,1577190670.0,0.020981077703179668,0.016275115789752444,8,8575231300.0,2026-06-26,20.0
2026-07-02,20,2308,台達電,unclear,0.0,neutral,-0.07000540765612903,0.0040328109524155244,-18.378076878977527,0,0.5188180422594808,7,13,-139841040.0,489818870.0,0.014109685076036372,0.26089932789185233,50,13539832832.0,2026-07-02,20.0
2026-07-02,20,2317,鴻海,sell_avoid,0.0,sell,-0.3858241515662139,0.0032764030254912174,-14.500201556132968,0,0.43171709118622137,7,13,-479816880.0,1362092450.0,0.016733306171691945,0.004428324850920211,33,5928852089.0,2026-07-02,20.0
2026-07-02,20,2327,國巨*,unclear,0.0,neutral,-0.17745900493176656,0.0039914864525186925,-5.3705353698231155,0,1.0023713769204943,12,8,366067680.0,1516485450.0,0.010645192804190769,0.0003612862610002159,23,14609234313.0,2026-07-01,20.0
2026-07-02,20,2330,台積電,unclear,0.0,neutral,-0.16980099268608714,-0.0008326668572717977,-8.56106589144369,0,0.8702514972235327,9,11,-233874900.0,3471849690.0,0.021849425169094806,0.016261046438068708,145,166068376032.0,2026-07-02,20.0
2026-07-02,20,2344,華邦電,hedge_suspect,0.0,sell,-0.5357549921503054,-0.0011291050152728065,-11.772247157860194,0,0.7182879335263935,11,9,217478890.0,1662064940.0,0.018807815054446668,0.0,3,960371124.0,2026-07-01,20.0
2026-07-02,20,2345,智邦,lean_buy,7.027255664849813,neutral,-0.1715607503822434,-9.17163649924117e-06,-0.947539080109816,3,2.8275079386095405,10,10,120052100.0,674697960.0,0.02684496037308309,0.9158929189502036,9,1387019388.0,2026-06-26,20.0
2026-07-02,20,2357,華碩,unclear,1.072200434355022,neutral,-0.03787183015552638,0.004933019586994446,-3.435683395772281,1,1.1144049908946554,6,14,-76490870.0,217952990.0,0.06333388681660206,0.8793661335047228,4,942649876.0,2026-07-02,20.0
2026-07-02,20,2360,致茂,unclear,0.0,neutral,0.24389863275627996,-0.0025708265102930574,2.6280983326420806,0,0.7383771367129749,8,12,-13703070.0,45256310.0,0.0003215021286534408,0.0,24,3874219221.0,2026-06-30,20.0
2026-07-02,20,2382,廣達,unclear,0.0,neutral,0.1369657087952459,-0.011159128272851314,4.189123879238501,0,,0,0,0.0,0.0,,0.0,6,1145621750.0,2026-06-30,20.0
2026-07-02,20,2383,台光電,unclear,0.8417943760805151,neutral,0.05642282814346911,0.001116990598566632,-3.453432955446365,2,0.3984173541383346,12,8,20115820.0,138037490.0,0.006196142801495449,0.42456851439553955,9,1729090675.0,2026-06-29,20.0
2026-07-02,20,2385,群光,unclear,0.0,buy,0.5,0.07035976313203238,0.010099157561361836,0,0.2480222786307514,5,15,-9562350.0,17209220.0,0.0,0.0,2,315750000.0,2026-06-12,20.0
2026-07-02,20,2395,研華,unclear,7.73404289602977,neutral,0.15318785958645445,-0.0023870788532008207,2.3045446689656615,4,1.6766658683874978,12,8,22417350.0,158472760.0,0.0,0.5618290694370669,9,724288441.0,2026-06-29,20.0
2026-07-02,20,2408,南亞科,sell_avoid,0.0,sell,-0.3326975627680209,0.005852276016564424,-1.1378865480060782,0,0.6880463780912334,11,9,-100488800.0,2463646530.0,0.022440049466024656,0.0,6,1089495757.0,2026-06-29,20.0
2026-07-02,20,2412,中華電,unclear,0.0,sell,-0.5,0.0,-31.47268309859155,0,0.3427497732279383,7,12,-235610.0,2803490.0,0.0,0.0,1,20093000.0,2026-07-01,20.0
2026-07-02,20,2449,京元電子,sell_avoid,0.12157561222315341,sell,-0.9009532361222292,-0.03836334757809198,20.219436756975057,1,1.2274566827158986,10,10,-2860650.0,630154200.0,0.00950872024656822,0.5305085624038265,5,154292936.0,2026-06-30,20.0
2026-07-02,20,2454,聯發科,unclear,2.007229881305256,neutral,-0.0788138604481309,0.007004870534386913,-3.3903405665033644,4,0.5447405782401687,10,10,-88013070.0,949721470.0,0.021640113074415386,0.42870133322710224,43,46873040573.0,2026-07-02,20.0
2026-07-02,20,2461,光群雷,unclear,0.0,buy,0.5,0.11143695014662747,-0.026487730345110327,0,,0,0,0.0,0.0,,0.0,1,47564500.0,2026-07-01,20.0
2026-07-02,20,2467,志聖,hedge_suspect,7.49636385627783,sell,-0.5,0.0,-1.728018691588785,3,4.9975759041852195,10,10,59654630.0,135882920.0,0.0,0.9029518228109654,1,248240000.0,2026-06-05,20.0
2026-07-02,20,2481,強茂,unclear,2.141260093379012,neutral,0.0,-0.01546391752577314,4.854996381275023,3,0.7137533644596707,10,10,7489950.0,375515060.0,0.0003815293053759282,0.8578060260722401,1,19482000.0,2026-06-17,20.0
2026-07-02,20,2489,瑞軒,unclear,0.3338284942606347,neutral,0.0,-0.13326413281803365,8.384346801070334,1,0.3338284942606347,10,10,1371590.0,47427240.0,0.004503530038855307,0.3646689071446353,2,62111400.0,2026-06-17,20.0
2026-07-02,20,2491,吉祥全,unclear,0.0,sell,-0.5,-0.094855305466238,0.006403011815584216,0,,0,0,0.0,0.0,,0.0,1,38847000.0,2026-06-09,20.0
2026-07-02,20,2504,國產,unclear,0.0,buy,0.5,0.1117241379310343,-0.07949323257387773,0,,0,0,0.0,0.0,,0.0,1,199485000.0,2026-06-16,20.0
2026-07-02,20,2506,太設,unclear,0.0,neutral,0.0,0.0,0.037393055220060874,0,,0,0,0.0,0.0,,0.0,2,12460870.0,2026-06-29,20.0
2026-07-02,20,2528,皇普,unclear,0.0,neutral,0.0,-0.06249999999999989,0.65616,0,,0,0,0.0,0.0,,0.0,1,21000000.0,2026-07-01,20.0
2026-07-02,20,2534,宏盛,unclear,0.0,buy,0.5,0.09757230718782987,0.011208710565149757,0,,0,0,0.0,0.0,,0.0,5,140408800.0,2026-06-16,20.0
2026-07-02,20,2536,宏普,unclear,0.0,neutral,0.0,0.12676056338028174,-0.6695469047619048,0,,0,0,0.0,0.0,,0.0,1,15120000.0,2026-06-22,20.0
2026-07-02,20,2603,長榮,unclear,0.0,neutral,0.1993783389721322,-0.003769604570843581,3.3309326092040297,0,0.6513955345720809,7,13,-49721510.0,186108800.0,0.0009385907598136144,0.07497109895009292,4,163178960.0,2026-06-22,20.0
2026-07-02,20,2610,華航,unclear,0.7090020532520689,neutral,0.05430608886450905,0.0,0.8355512817699763,1,0.6724821764196263,10,10,36855640.0,142055680.0,0.0,0.9170677423841981,2,546900000.0,2026-06-18,20.0
2026-07-02,20,2633,台灣高鐵,unclear,0.0,neutral,0.0,0.0,-0.03249745547073791,0,0.0,3,6,-78560.0,793450.0,0.0,0.0,1,20553900.0,2026-06-18,20.0
2026-07-02,20,2812,台中銀,unclear,0.0,sell,-0.5,0.0,-1.019846,0,,0,0,0.0,0.0,,0.0,1,29700000.0,2026-06-18,20.0
2026-07-02,20,2816,旺旺保,unclear,0.0,sell,-0.5,-0.11538461538461531,-0.022296544035674472,0,,0,0,0.0,0.0,,0.0,1,15159300.0,2026-06-15,20.0
2026-07-02,20,2834,臺企銀,unclear,0.9527879438357546,buy,0.8586780210867803,0.08187330503998919,0.728902112327656,1,0.5126159200390468,9,11,-1915890.0,11708210.0,0.0,1.0,3,123300000.0,2026-06-29,20.0
2026-07-02,20,2845,遠東銀,unclear,0.0,sell,-0.5,-0.020000000000000018,0.30519128990595035,0,,0,0,0.0,0.0,,0.0,1,140290701.0,2026-07-02,20.0
2026-07-02,20,2881,富邦金,unclear,0.0,buy,0.27472490405019484,0.012351694023539434,0.77534271560404,0,0.6598341609921151,9,11,12832190.0,163657750.0,0.0,0.0,6,3233630850.0,2026-07-01,20.0
2026-07-02,20,2882,國泰金,unclear,0.0,neutral,-0.24272129647894616,0.0002637474173796437,-0.5678691869235922,0,0.24586437506497105,10,10,10945310.0,206130080.0,0.01860606661579911,0.07245338025843706,3,4181750900.0,2026-07-01,20.0
2026-07-02,20,2882A,國泰特,unclear,0.0,neutral,0.0,-0.0020122177468216147,-0.005000772553524524,0,,0,0,0.0,0.0,,0.0,4,144438000.0,2026-06-29,20.0
2026-07-02,20,2883,凱基金,unclear,0.0,buy,0.43106628061025254,-0.014872741650529143,5.010731871580876,0,0.3352003634938244,9,11,37539140.0,197050650.0,0.0,0.06378649329379506,9,485640595.0,2026-07-01,20.0
2026-07-02,20,2884,玉山金,unclear,5.0,neutral,0.0,-0.08662613981762912,2.0631059635334466,1,6.240461026060535,10,10,10409180.0,22294840.0,0.0,0.9997659159591477,1,74764400.0,2026-06-08,20.0
2026-07-02,20,2885,元大金,hedge_suspect,0.05936387715997941,sell,-0.3675984204894597,0.06414448135050045,-14.556017836881109,2,0.04693526952124728,12,8,18335070.0,46598630.0,0.0,0.6054327808471455,4,105212340.0,2026-07-01,20.0
2026-07-02,20,2886,兆豐金,unclear,0.0,buy,0.4435311036038384,0.0014198984206720954,9.256393526278538,0,0.7382429724971161,10,10,856730.0,17636240.0,0.0,0.0,7,164971880.0,2026-07-01,20.0
2026-07-02,20,2887,台新新光金,unclear,0.0,buy,0.5919328533450032,0.005478298262120061,13.843247283626814,0,0.4935705084566821,10,10,39561010.0,132186220.0,0.0,0.10694264649506359,6,317867867.0,2026-07-01,20.0
2026-07-02,20,2887H,台新新光庚特二,unclear,0.0,neutral,-0.14110633031850697,-0.021094489483640698,,0,,0,0,0.0,0.0,,0.0,2,146907300.0,2026-07-02,20.0
2026-07-02,20,2889,國票金,unclear,0.0,sell,-0.5,0.003401360544217802,-0.5688689870431531,0,,0,0,0.0,0.0,,0.0,1,48217750.0,2026-06-08,20.0
2026-07-02,20,2890,永豐金,unclear,0.0,buy,0.27786120280601256,-0.03547871819338309,21.244970475661315,0,0.4334067413241552,10,10,13678270.0,53589120.0,0.0,0.0,7,252422250.0,2026-07-01,20.0
2026-07-02,20,2891,中信金,unclear,0.0,neutral,0.16536209087496104,0.0010111336263392702,0.33048139316409214,0,0.43438493654436366,7,13,-4019480.0,59648830.0,0.0,0.12229690735648573,15,540350361.0,2026-07-02,20.0
2026-07-02,20,2912,統一超,unclear,0.0,sell,-0.5,0.0,-33.449966865473826,0,,0,0,0.0,0.0,,0.0,1,20235690.0,2026-06-18,20.0
2026-07-02,20,3008,大立光,unclear,0.0,neutral,-0.04135314056083457,-0.023223125500073095,8.032140251862325,0,0.4305534841031134,9,11,86714040.0,945596840.0,0.011446326322325697,0.07272932968794192,2,410457580.0,2026-06-17,20.0
2026-07-02,20,3016,嘉晶,unclear,1.2082192745818248,neutral,0.0,-0.04938271604938271,1.0097446215853112,1,1.2082192745818248,9,11,-12637250.0,112844440.0,0.022937683061744114,0.985190633591518,1,1674750000.0,2026-06-29,20.0
2026-07-02,20,3017,奇鋐,lean_buy,10.320261511775254,neutral,0.15428318455722656,0.006123714816645531,-0.8292604629008274,3,2.980280070450251,8,12,26966600.0,1022777130.0,0.020931128954750876,0.9660437965287625,8,713601144.0,2026-06-29,20.0
2026-07-02,20,3022,威強電,lean_buy,9.041191424824252,neutral,0.0,0.0,0.07859956355701038,3,3.013730474941417,11,9,2609510.0,25855860.0,0.0,0.5522936612368983,1,150122700.0,2026-06-23,20.0
2026-07-02,20,3034,聯詠,unclear,0.0,neutral,0.013901747875683589,-0.04577645668901489,0.9962168794218537,0,0.6462575351273939,11,9,30744260.0,370457160.0,0.0030622974057243216,0.2858425962189879,6,942164260.0,2026-06-29,20.0
2026-07-02,20,3036,文曄,unclear,0.9405825374263109,neutral,0.10800473708339299,0.031865866687770104,-0.8814624113722483,1,0.848897577732575,4,16,-58440790.0,147321980.0,0.007710797804916823,0.8249494552784277,11,4186964500.0,2026-06-23,20.0
2026-07-02,20,3037,欣興,unclear,0.0,buy,0.3936998722068526,0.022119458809272595,-1.3605480868089885,0,0.8453116992261978,9,11,-36246890.0,232225170.0,0.00609029589686596,0.014519675823298871,10,2599266132.0,2026-07-02,20.0
2026-07-02,20,3044,健鼎,unclear,0.0,neutral,0.1027475800427461,0.010753552403371574,-1.2615338854160862,0,0.4898638185042234,9,11,30129320.0,155146950.0,0.0017518874847362452,0.008751379157173767,9,698308719.0,2026-07-01,20.0
2026-07-02,20,3231,緯創,unclear,0.0,buy,0.26701722245746234,0.0011201095074160426,0.9554548128688829,0,0.7633964674800504,9,11,-97718710.0,381326060.0,0.009742816947784791,0.013828886606588363,2,144651250.0,2026-06-30,20.0
2026-07-02,20,3311,閎暉,unclear,0.0,neutral,0.0,0.0,0.046650420168067225,0,,0,0,0.0,0.0,,0.0,1,22461250.0,2026-06-25,20.0
2026-07-02,20,3356,奇偶,unclear,0.0,sell,-0.5,-0.05298013245033107,0.18946942053162147,0,,0,0,0.0,0.0,,0.0,1,83683600.0,2026-06-05,20.0
2026-07-02,20,3376,新日興,unclear,0.0,neutral,0.0,0.017480719794344513,-39.21185802112659,0,0.2676523788188049,5,15,-74832090.0,233170210.0,0.01428668782345738,0.000270143397429652,1,16623600.0,2026-06-26,20.0
2026-07-02,20,3443,創意,hedge_suspect,4.441249048807695,sell,-0.32224166030474977,0.0015241430974779178,-4.593999881403764,3,2.184283487043811,8,12,14238240.0,89378000.0,0.0030890151938955893,0.9989868380010883,2,150426360.0,2026-06-26,20.0
2026-07-02,20,3481,群創,lean_buy,0.0,buy,0.3038815740628297,0.0,-6.815225901026249,0,0.4146973015428225,12,8,122620990.0,958522130.0,0.015982708714299586,0.3055351557060876,2,173749100.0,2026-06-24,20.0
2026-07-02,20,3533,嘉澤,unclear,3.375229207154137,buy,0.386068934445886,0.0014789070475383721,2.500055611769566,2,1.217554597493185,9,11,-57946100.0,276639420.0,0.0034664618657745884,0.3911959526358306,4,226930380.0,2026-06-30,20.0
2026-07-02,20,3653,健策,sell_avoid,1.0756223034885675,sell,-0.27031689764957767,0.013049660150319433,-5.619038828861891,1,1.474095124340719,9,11,-7380330.0,64893340.0,0.34560803928415457,0.7116081000188913,5,436525800.0,2026-06-24,20.0
2026-07-02,20,3661,世芯-KY,hedge_suspect,9.148959794458243,sell,-0.4643281738268688,-0.008084111443049831,-1.5880796500279573,4,4.269852989944847,10,10,231340900.0,989792180.0,0.024916038435462282,0.9373066131973264,12,5757447320.0,2026-06-29,20.0
2026-07-02,20,3665,貿聯-KY,unclear,0.0,neutral,0.10710441334768568,-0.0062593659638236565,3.36308445053332,0,1.4557408690762752,7,11,-54207770.0,416153050.0,0.011005614400759528,0.262670398360126,2,102190000.0,2026-07-02,20.0
2026-07-02,20,3702,大聯大,sell_avoid,0.0,sell,-0.5,0.0,-1.859375,0,0.9362319616169142,7,13,-7552700.0,57786170.0,0.0,0.0041331580405313305,1,111280000.0,2026-06-25,20.0
2026-07-02,20,3711,日月光投控,unclear,7.56588494647707,buy,0.37226779193080084,-0.0017205041438713806,14.086305924704053,3,1.8378057574879412,8,12,10529960.0,811965470.0,0.020374462475602564,0.954400568375434,23,2774344297.0,2026-07-02,20.0
2026-07-02,20,4722,國精化,unclear,0.0,buy,0.5,0.147005444646098,-0.21299107534079845,0,0.825305272113481,9,11,33748440.0,102492420.0,0.018923838465322605,0.08780615454559872,1,164320000.0,2026-07-01,20.0
2026-07-02,20,4763,材料*-KY,unclear,7.356666953075978,neutral,-0.029940119760479042,-0.000502144929004046,0.29931351976047893,2,3.791862287542248,9,11,14708280.0,76180990.0,0.0,0.9939170461249381,2,41750000.0,2026-06-12,20.0
2026-07-02,20,4904,遠傳,unclear,0.0,buy,0.5,0.0019805552840328634,10.665208821214515,0,,0,0,0.0,0.0,,0.0,4,93982070.0,2026-06-12,20.0
2026-07-02,20,4919,新唐,sell_avoid,0.16926722133759486,sell,-0.7404401325890909,-0.01903597140868556,-0.8584637251266367,1,0.652131714451942,9,11,5931580.0,81189420.0,0.0,0.9246970246507498,6,967657589.0,2026-06-18,20.0
2026-07-02,20,4958,臻鼎-KY,unclear,0.0,neutral,-0.10337202257955443,-0.0017335816360424356,-0.5282221530178082,0,0.5125455731290313,12,8,174379740.0,1159919260.0,0.01162655062732556,0.041877174491233286,4,1703488000.0,2026-06-24,20.0
2026-07-02,20,5007,三星,unclear,0.0,buy,0.5,0.03571428571428581,-0.010344827586206896,0,,0,0,0.0,0.0,,0.0,1,40600000.0,2026-06-18,20.0
2026-07-02,20,5434,崇越,sell_avoid,0.1239526686800032,sell,-0.5291457852282453,-0.008975672293271435,2.749918803718458,1,0.263250630006761,9,11,544220.0,11180430.0,0.0,0.7626274418242664,3,106390340.0,2026-06-25,20.0
2026-07-02,20,5538,東明-KY,unclear,0.0,neutral,0.0,0.0,0.0031080031080031076,0,,0,0,0.0,0.0,,0.0,1,41570100.0,2026-06-22,20.0
2026-07-02,20,5871,中租-KY,unclear,0.3185548133328812,buy,0.5,0.0,0.7717751159196291,1,0.21236987555525413,8,12,-1660610.0,18561130.0,0.0,1.0,1,152045000.0,2026-06-30,20.0
2026-07-02,20,5876,上海商銀,unclear,0.0,neutral,0.0,0.044205495818399054,-6.245016734792408,0,,0,0,0.0,0.0,,0.0,1,15012436.0,2026-07-02,20.0
2026-07-02,20,6139,亞翔,unclear,1.4212226792462483,neutral,0.0,-0.055757575757575784,14.185187676508344,1,1.4212226792462483,11,9,164654750.0,699041450.0,0.0002274114074351385,0.8633902595621586,1,194750000.0,2026-06-04,20.0
2026-07-02,20,6214,精誠,unclear,1.8322963649653254,neutral,0.0,0.08851408030131293,-9.643721089611933,1,1.8322963649653254,7,13,-6715120.0,17000880.0,0.0,0.8270561106840891,3,46255000.0,2026-06-22,20.0
2026-07-02,20,6239,力成,unclear,0.0,neutral,0.0,0.01982733812949644,-43.89094412341795,0,0.7450508193044011,7,13,-118748350.0,697109730.0,0.00781412131487535,0.017293612558581587,1,55639230.0,2026-06-12,20.0
2026-07-02,20,6285,啟碁,unclear,0.7089708037171476,buy,1.0,0.006355932203389925,1.3286648523748394,1,0.3544854018585738,8,12,-108973040.0,536362850.0,0.031287140785384374,0.8340215108407809,1,19475000.0,2026-06-29,20.0
2026-07-02,20,6409,旭隼,same_dir_buy,13.451185709176581,buy,0.5,0.0,11.552714285714286,4,2.2418642848627637,12,8,77580870.0,216625220.0,0.00751085215285644,0.990839366780862,1,32480000.0,2026-06-05,20.0
2026-07-02,20,6415,矽力*-KY,lean_buy,0.8769678351449475,buy,1.0,0.05010852713178293,40.69797475058247,1,0.43848391757247374,11,9,12072930.0,111424990.0,0.0007039713443097459,0.4565222842413027,1,20996920.0,2026-06-23,20.0
2026-07-02,20,6442,光聖,unclear,1.662053535678986,neutral,0.24155193992490614,-0.00905375623773619,1.8016658484395818,1,1.3386902973866026,9,11,48130.0,16526580.0,0.0,0.6480982834062605,2,619225000.0,2026-06-10,20.0
2026-07-02,20,6446,藥華藥,unclear,0.0,neutral,0.0,-0.011605606625001432,16.123210611429023,0,,0,0,0.0,0.0,,0.0,2,51969777.0,2026-06-25,20.0
2026-07-02,20,6464,台數科,unclear,0.0,neutral,0.0,0.0,-0.0035087719298245615,0,,0,0,0.0,0.0,,0.0,2,88920000.0,2026-06-30,20.0
2026-07-02,20,6669,緯穎,lean_buy,10.446918920095506,neutral,0.0,0.008413737158228617,-0.6595957335752406,4,2.6117297300238764,10,10,82148030.0,918490000.0,0.015618939781598057,0.9539123628322211,2,763003260.0,2026-07-01,20.0
2026-07-02,20,6770,力積電,unclear,0.0,neutral,-0.19590251362636202,-0.022606523914019162,-5.291414209837057,0,0.9586298064438247,8,12,-167316830.0,594434220.0,0.02707106936071076,0.09588746736034363,13,2192056100.0,2026-06-25,20.0
2026-07-02,20,6805,富世達,sell_avoid,0.0,sell,-0.5,0.004103746397694508,-61.55677549320496,0,1.4454596813800231,7,13,-67086650.0,265632030.0,1.7505419056579885e-05,0.0031012279441401448,1,31358160.0,2026-06-15,20.0
2026-07-02,20,6902,GOGOLOOK,unclear,0.0,sell,-0.5,-0.08045977011494254,-0.004882625818330605,0,,0,0,0.0,0.0,,0.0,1,586560000.0,2026-06-22,20.0
2026-07-02,20,6918,愛派司,unclear,0.0,buy,0.5,0.03734439834024905,-0.023627450980392158,0,,0,0,0.0,0.0,,0.0,1,15300000.0,2026-06-30,20.0
2026-07-02,20,6994,富威電力,unclear,0.0,sell,-0.280771099235967,-0.0689786285343475,0.24582710477115813,0,1.6121495327102804,8,4,14530.0,92170.0,0.0,0.0,7,271716000.0,2026-06-30,20.0
2026-07-02,20,7610,聯友金屬-創,unclear,0.0,neutral,0.0,0.0,0.2955388888888889,0,,0,0,0.0,0.0,,0.0,1,833400000.0,2026-06-18,20.0
2026-07-02,20,7769,鴻勁,sell_avoid,0.0,sell,-0.5526462531476263,-0.008518549567707775,-15.708707832701192,0,0.7101459624290222,6,14,-35882570.0,107587980.0,0.0,0.3255944444858245,13,541598600.0,2026-07-02,20.0
2026-07-02,20,8213,志超,unclear,0.0,buy,0.5,0.02351313969571245,-0.047646351351351354,0,0.3013698630136986,2,7,-161640.0,309680.0,0.0,0.0,1,111000000.0,2026-06-16,20.0
2026-07-02,20,8464,億豐,unclear,18.382298894131296,buy,0.5842342009337557,0.01145755441182931,1.5664949587430124,3,3.867757028032151,11,8,2782340.0,6609320.0,0.0,0.9911084459424531,2,43962250.0,2026-06-26,20.0
2026-07-02,20,9904,寶成,sell_avoid,0.37050812676351935,sell,-0.5,0.0,-9.203103684210525,1,0.7410162535270387,6,14,-4399650.0,11485450.0,0.0,0.9037668754130346,1,49685000.0,2026-06-18,20.0
2026-07-02,20,9945,潤泰新,unclear,0.0,neutral,0.0,0.09812030075187961,-3.8840090807335486,0,0.735868138218685,10,10,1537020.0,18648830.0,0.0,0.0,1,20593050.0,2026-07-01,20.0
2026-07-02,5,01010T,京城樂富R1,unclear,0.0,neutral,0.0,0.002037066169732317,0.002345903466072371,0,,0,0,0.0,0.0,,0.0,2,230007580.0,2026-07-01,5.0
2026-07-02,5,1216,統一,unclear,0.43887127656235286,neutral,0.0,-0.09932885906040279,0.7329996967862858,1,0.43887127656235286,2,3,-898560.0,3051380.0,0.0,0.9848376484050922,1,85418300.0,2026-07-01,5.0
2026-07-02,5,1303,南亞,unclear,3.140978155535579,neutral,0.0,-0.12360285598228789,27.374433116233117,3,1.0469927185118597,3,2,109263440.0,198558220.0,0.03537133844169232,0.9417818590761142,2,172877150.0,2026-07-02,5.0
2026-07-02,5,1436,華友聯,unclear,0.0,neutral,0.0,0.0,0.037333333333333336,0,,0,0,0.0,0.0,,0.0,1,134850000.0,2026-07-01,5.0
2026-07-02,5,1466,聚隆,unclear,0.0,sell,-0.5,-0.17887333246062684,0.08402426395158463,0,,0,0,0.0,0.0,,0.0,2,26660950.0,2026-07-02,5.0
2026-07-02,5,1519,華城,sell_avoid,0.15468206873397394,sell,-0.5,0.0,-0.5495744680851063,1,0.3093641374679479,1,4,-19513810.0,35704680.0,0.07837600000896242,0.7606106479926614,1,147204000.0,2026-06-29,5.0
2026-07-02,5,2027,大成鋼,sell_avoid,0.0,sell,-1.0,-0.09789343246592319,-4.425466814566187,0,1.7015549309079598,2,3,-3832950.0,34883940.0,0.0,0.019046716332902006,1,17399200.0,2026-06-30,5.0
2026-07-02,5,2101,南港,unclear,0.0,sell,-0.5,-0.02668759811616961,0.30290771352164464,0,0.0,0,0,0.0,0.0,,0.0,1,59830000.0,2026-06-29,5.0
2026-07-02,5,2211,長榮鋼,unclear,0.0,sell,-1.0,-0.10010649627263046,-0.5513787844668567,0,0.0,0,0,0.0,4600.0,0.0,0.0,1,20871500.0,2026-06-30,5.0
2026-07-02,5,2303,聯電,sell_avoid,0.0,sell,-0.5,0.0,-18.592315338474723,0,0.5366772865741269,3,2,-37156920.0,414710010.0,0.0184130833977217,0.016275115789752444,1,382776000.0,2026-06-26,5.0
2026-07-02,5,2308,台達電,unclear,0.0,neutral,0.08062314142264815,0.02872439263658682,-90.55356450504408,0,0.5188180422594808,2,3,96800.0,136689540.0,0.022218525279988504,0.26089932789185233,10,856584943.0,2026-07-02,5.0
2026-07-02,5,2317,鴻海,unclear,0.0,neutral,-0.23174969788331207,0.034330277499588564,-98.14039846617162,0,0.43171709118622137,1,4,-70745450.0,156583480.0,0.05077713178938161,0.004428324850920211,5,288998435.0,2026-07-02,5.0
2026-07-02,5,2327,國巨*,sell_avoid,0.0,sell,-0.272850616946654,-0.004241658785208077,-9.402267826024618,0,1.0023713769204943,2,3,-51084850.0,265821080.0,0.011278789477493658,0.0003612862610002159,6,4019542020.0,2026-07-01,5.0
2026-07-02,5,2330,台積電,hedge_suspect,0.0,sell,-0.2532497870807832,-0.0027095658176169274,-6.980630497591341,0,0.8702514972235327,3,2,144814230.0,753075830.0,0.024150091233176345,0.016261046438068708,43,58000159338.0,2026-07-02,5.0
2026-07-02,5,2344,華邦電,sell_avoid,0.0,sell,-1.0,-0.015789473684210575,-91.97968438055706,0,0.7182879335263935,1,4,-179478440.0,355516100.0,0.0310004525814724,0.0,1,68676124.0,2026-07-01,5.0
2026-07-02,5,2345,智邦,same_dir_buy,16.965047631657242,buy,1.0,0.01979029436376323,63.08041993639407,3,2.8275079386095405,4,1,144960550.0,253988900.0,0.0210230840796586,0.9158929189502036,2,48542018.0,2026-06-26,5.0
2026-07-02,5,2357,華碩,unclear,1.1144049908946554,neutral,0.0,-0.047976011994003025,5.417893635942566,1,1.1144049908946554,2,3,-3843580.0,36485320.0,0.28141976005692154,0.8793661335047228,1,107950000.0,2026-07-02,5.0
2026-07-02,5,2360,致茂,unclear,0.0,buy,0.5447275645720903,0.0012120957355874994,1.1952562465114098,0,0.7383771367129749,3,2,-291300.0,5909690.0,0.00031304518511123257,0.0,7,1642033301.0,2026-06-30,5.0
2026-07-02,5,2382,廣達,unclear,0.0,neutral,0.0,-0.005597826086956581,40.27755564057253,0,,0,0,0.0,0.0,,0.0,1,16467300.0,2026-06-30,5.0
2026-07-02,5,2383,台光電,hedge_suspect,0.42096752600089815,sell,-0.4717003142203315,-0.006352616276668586,0.4461933050717048,2,0.3984173541383346,3,2,1197940.0,10324510.0,0.0067121829510553045,0.42456851439553955,2,966964800.0,2026-06-29,5.0
2026-07-02,5,2395,研華,lean_buy,11.900056354885825,buy,0.7743631243490517,0.005811616632412903,4.534649440564266,4,1.6766658683874978,4,1,25609610.0,40938810.0,0.0,0.5618290694370669,3,281802342.0,2026-06-29,5.0
2026-07-02,5,2408,南亞科,unclear,0.0,neutral,0.19445245366895827,0.030186167657142073,-2.229362327813815,0,0.6880463780912334,2,3,-233891550.0,466548930.0,0.03799324971123608,0.0,3,223398657.0,2026-06-29,5.0
2026-07-02,5,2412,中華電,unclear,0.0,sell,-0.5,0.0,-31.47268309859155,0,0.3427497732279383,0,5,-452460.0,483310.0,0.0,0.0,1,20093000.0,2026-07-01,5.0
2026-07-02,5,2449,京元電子,unclear,1.2274566827158986,neutral,0.0,-0.17629629629629628,363.9429787211488,1,1.2274566827158986,2,3,-30320570.0,180605260.0,0.010400915233587327,0.5305085624038265,1,15282216.0,2026-06-30,5.0
2026-07-02,5,2454,聯發科,unclear,1.943874834041034,neutral,-0.10788964890366316,-0.00021030326451581448,-3.5555344858942237,4,0.5447405782401687,4,1,13893050.0,234340920.0,0.025188430599316584,0.42870133322710224,9,16147968250.0,2026-07-02,5.0
2026-07-02,5,2461,光群雷,unclear,0.0,buy,0.5,0.11143695014662747,-0.026487730345110327,0,,0,0,0.0,0.0,,0.0,1,47564500.0,2026-07-01,5.0
2026-07-02,5,2506,太設,unclear,0.0,neutral,0.0,0.0,0.05154639175257731,0,,0,0,0.0,0.0,,0.0,1,7673670.0,2026-06-29,5.0
2026-07-02,5,2528,皇普,unclear,0.0,neutral,0.0,-0.06249999999999989,0.65616,0,,0,0,0.0,0.0,,0.0,1,21000000.0,2026-07-01,5.0
2026-07-02,5,2834,臺企銀,unclear,0.5126159200390468,neutral,0.0,-0.0842696629213483,21.322764147239265,1,0.5126159200390468,2,3,104190.0,688190.0,0.0,1.0,1,8150000.0,2026-06-29,5.0
2026-07-02,5,2845,遠東銀,unclear,0.0,sell,-0.5,-0.020000000000000018,0.30519128990595035,0,,0,0,0.0,0.0,,0.0,1,140290701.0,2026-07-02,5.0
2026-07-02,5,2881,富邦金,unclear,0.0,buy,0.2784656413107858,0.011859342940119172,0.9167036567778594,0,0.6598341609921151,1,4,-13894400.0,21240820.0,0.0,0.0,4,3023564850.0,2026-07-01,5.0
2026-07-02,5,2882,國泰金,unclear,0.0,neutral,-0.24272129647894616,0.0002637474173796437,-0.5678691869235922,0,0.24586437506497105,1,4,-25349920.0,32759170.0,0.10136062665812351,0.07245338025843706,3,4181750900.0,2026-07-01,5.0
2026-07-02,5,2882A,國泰特,unclear,0.0,neutral,0.0,-0.003231017770597644,0.00495427896832543,0,,0,0,0.0,0.0,,0.0,1,24988500.0,2026-06-29,5.0
2026-07-02,5,2883,凱基金,unclear,0.0,buy,0.3172355745829168,-0.0392305801490635,2.7069010761982937,0,0.3352003634938244,1,4,-9325370.0,22585180.0,0.0,0.06378649329379506,4,329992625.0,2026-07-01,5.0
2026-07-02,5,2885,元大金,unclear,0.04693526952124728,sell,-0.5,-0.0035622156181681743,-18.708799023180724,2,0.04693526952124728,2,3,-2314740.0,3909600.0,0.0,0.6054327808471455,2,44040900.0,2026-07-01,5.0
2026-07-02,5,2886,兆豐金,unclear,0.0,buy,0.5,-0.0010834236186347823,16.599894409299836,0,0.7382429724971161,1,4,-1511220.0,2416480.0,0.0,0.0,1,20929400.0,2026-07-01,5.0
2026-07-02,5,2887,台新新光金,unclear,0.0,buy,0.5,-0.002998500749625266,3.0755028223738536,0,0.4935705084566821,2,3,2619010.0,25958710.0,0.0,0.10694264649506359,1,28761250.0,2026-07-01,5.0
2026-07-02,5,2887H,台新新光庚特二,unclear,0.0,neutral,-0.14110633031850697,-0.021094489483640698,,0,,0,0,0.0,0.0,,0.0,2,146907300.0,2026-07-02,5.0
2026-07-02,5,2890,永豐金,unclear,0.0,buy,0.5,0.0012114150203411142,15.688586949654699,0,0.4334067413241552,1,4,-2645070.0,8294220.0,0.0,0.0,2,66796700.0,2026-07-01,5.0
2026-07-02,5,2891,中信金,unclear,0.0,buy,0.4111738780493286,0.0028977776771344824,-1.2859561232002965,0,0.43438493654436366,1,4,-2069510.0,4386290.0,0.0,0.12229690735648573,9,337357011.0,2026-07-02,5.0
2026-07-02,5,3016,嘉晶,unclear,1.2082192745818248,neutral,0.0,-0.04938271604938271,1.0097446215853112,1,1.2082192745818248,2,3,-4580960.0,19936390.0,0.0053755970865337205,0.985190633591518,1,1674750000.0,2026-06-29,5.0
2026-07-02,5,3017,奇鋐,lean_buy,8.940840211350753,neutral,0.0,-0.009782608695652173,9.856060843656891,3,2.980280070450251,3,2,242683760.0,388538850.0,0.023570847548449788,0.9660437965287625,1,127540000.0,2026-06-29,5.0
2026-07-02,5,3034,聯詠,unclear,0.0,neutral,0.0,-0.12332695984703636,1.6243304165524641,0,0.6462575351273939,3,2,-3140200.0,74007710.0,0.000978006210434021,0.2858425962189879,1,342958000.0,2026-06-29,5.0
2026-07-02,5,3037,欣興,unclear,0.0,buy,0.41450797484232316,0.026538150042587146,-2.536479394126511,0,0.8453116992261978,2,3,-22586680.0,76873400.0,0.0005765323245752107,0.014519675823298871,5,2084580400.0,2026-07-02,5.0
2026-07-02,5,3044,健鼎,unclear,0.0,buy,0.270040125568589,0.009470978595541904,-1.4067201916500347,0,0.4898638185042234,1,4,-8016540.0,30042250.0,0.0011600329535903602,0.008751379157173767,6,548188369.0,2026-07-01,5.0
2026-07-02,5,3231,緯創,lean_buy,0.0,buy,0.5,0.0,7.560117142857143,0,0.7633964674800504,3,2,4912080.0,68077590.0,0.014213928548293205,0.013828886606588363,1,110950000.0,2026-06-30,5.0
2026-07-02,5,3376,新日興,unclear,0.0,neutral,0.0,0.017480719794344513,-39.21185802112659,0,0.2676523788188049,1,4,-9856670.0,23999320.0,0.02629574504610964,0.000270143397429652,1,16623600.0,2026-06-26,5.0
2026-07-02,5,3443,創意,hedge_suspect,3.2764252305657164,sell,-0.5,0.0,-8.087133333333334,3,2.184283487043811,3,2,12093740.0,20634870.0,0.0011582336113578617,0.9989868380010883,1,132600000.0,2026-06-26,5.0
2026-07-02,5,3533,嘉澤,unclear,2.43510919498637,neutral,0.0,0.016587677725118377,-13.21381351981352,2,1.217554597493185,3,2,-1592040.0,52237320.0,0.0025983339114640644,0.3911959526358306,1,19305000.0,2026-06-30,5.0
2026-07-02,5,3661,世芯-KY,hedge_suspect,9.364494681948944,sell,-0.45170860074096464,-0.007606243683291672,-0.8568088094120014,4,4.269852989944847,4,1,279462980.0,383968130.0,0.020797950079867306,0.9373066131973264,4,1927282320.0,2026-06-29,5.0
2026-07-02,5,3665,貿聯-KY,unclear,0.0,neutral,0.10710441334768568,-0.0062593659638236565,3.36308445053332,0,1.4557408690762752,2,3,12354560.0,102729010.0,0.019471033547388415,0.262670398360126,2,102190000.0,2026-07-02,5.0
2026-07-02,5,3711,日月光投控,lean_buy,7.804133174664923,buy,0.41548023467076156,-0.0026507079241260036,18.02945833668547,3,1.8378057574879412,3,2,53517970.0,321284120.0,0.020776127995370576,0.954400568375434,9,1439841409.0,2026-07-02,5.0
2026-07-02,5,4722,國精化,unclear,0.0,buy,0.5,0.147005444646098,-0.21299107534079845,0,0.825305272113481,1,4,-3457000.0,22537750.0,0.00024847200807534027,0.08780615454559872,1,164320000.0,2026-07-01,5.0
2026-07-02,5,5871,中租-KY,unclear,0.3185548133328812,buy,0.5,0.0,0.7717751159196291,1,0.21236987555525413,2,3,-897310.0,2132340.0,0.0,1.0,1,152045000.0,2026-06-30,5.0
2026-07-02,5,5876,上海商銀,unclear,0.0,neutral,0.0,0.044205495818399054,-6.245016734792408,0,,0,0,0.0,0.0,,0.0,1,15012436.0,2026-07-02,5.0
2026-07-02,5,6285,啟碁,unclear,0.7089708037171476,buy,1.0,0.006355932203389925,1.3286648523748394,1,0.3544854018585738,2,3,7756100.0,93914630.0,0.05389128403103968,0.8340215108407809,1,19475000.0,2026-06-29,5.0
2026-07-02,5,6464,台數科,unclear,0.0,neutral,0.0,0.0,0.004830917874396135,0,,0,0,0.0,0.0,,0.0,1,32292000.0,2026-06-30,5.0
2026-07-02,5,6669,緯穎,lean_buy,10.446918920095506,neutral,0.0,-0.005461767626613657,56.700685971043434,4,2.6117297300238764,4,1,172566240.0,287338270.0,0.019299726416533377,0.9539123628322211,1,25037500.0,2026-07-01,5.0
2026-07-02,5,6918,愛派司,unclear,0.0,buy,0.5,0.03734439834024905,-0.023627450980392158,0,,0,0,0.0,0.0,,0.0,1,15300000.0,2026-06-30,5.0
2026-07-02,5,6994,富威電力,unclear,0.0,neutral,-0.06866048862679022,-0.025668946025678464,-0.11965487222690256,0,1.6121495327102804,2,2,-9040.0,16340.0,0.0,0.0,2,71220000.0,2026-06-30,5.0
2026-07-02,5,7769,鴻勁,sell_avoid,0.0,sell,-0.7531178666322603,-0.01308125279725234,-12.034488171791143,0,0.7101459624290222,2,3,-5052220.0,30098130.0,0.0,0.3255944444858245,4,265005001.0,2026-07-02,5.0
2026-07-02,5,8464,億豐,unclear,11.603271084096452,neutral,0.0,0.0028530670470756636,-0.11139372469635628,3,3.867757028032151,3,2,1522260.0,2214620.0,0.0,0.9911084459424531,1,18278000.0,2026-06-26,5.0
2026-07-02,5,9945,潤泰新,unclear,0.0,neutral,0.0,0.09812030075187961,-3.8840090807335486,0,0.735868138218685,1,4,-1013130.0,2232040.0,0.0,0.0,1,20593050.0,2026-07-01,5.0
2026-07-02,W3,01010T,京城樂富R1,unclear,0.0,neutral,0.0,0.0029999999999998916,0.002345903466072371,0,,0,0,0.0,0.0,,0.0,1,8525500.0,2026-07-01,2.0
2026-07-02,W3,1216,統一,unclear,0.43887127656235286,neutral,0.0,-0.09932885906040279,0.7329996967862858,1,0.43887127656235286,1,1,47430.0,646370.0,0.0,0.9848376484050922,1,85418300.0,2026-07-01,2.0
2026-07-02,W3,1303,南亞,unclear,3.140978155535579,neutral,0.0,-0.12360285598228789,27.374433116233117,3,1.0469927185118597,2,0,110863300.0,114004220.0,0.02484881699993211,0.9417818590761142,2,172877150.0,2026-07-02,2.0
2026-07-02,W3,1436,華友聯,unclear,0.0,neutral,0.0,0.0,0.037333333333333336,0,,0,0,0.0,0.0,,0.0,1,134850000.0,2026-07-01,2.0
2026-07-02,W3,1466,聚隆,unclear,0.0,sell,-0.5,-0.17887333246062684,0.08402426395158463,0,,0,0,0.0,0.0,,0.0,2,26660950.0,2026-07-02,2.0
2026-07-02,W3,2308,台達電,unclear,0.0,buy,0.7849779086892489,0.005541357798614521,-11.831346980854198,0,0.5188180422594808,0,2,-15630100.0,35058040.0,0.020840297974444665,0.26089932789185233,2,169750000.0,2026-07-02,2.0
2026-07-02,W3,2317,鴻海,sell_avoid,0.0,sell,-0.5,0.0040167364016736595,-56.09762526572298,0,0.43171709118622137,0,2,-56660920.0,68486770.0,0.02783544909476677,0.004428324850920211,1,116380600.0,2026-07-02,2.0
2026-07-02,W3,2327,國巨*,unclear,0.0,buy,1.0,0.05263157894736836,23.01954851851852,0,1.0023713769204943,0,2,-52898670.0,142204440.0,0.0071487922599322495,0.0003612862610002159,1,162000000.0,2026-07-01,2.0
2026-07-02,W3,2330,台積電,unclear,0.0,neutral,-0.24055372287092086,-0.0027765613822875682,-1.5774543495478062,0,0.8702514972235327,1,1,20514320.0,304822530.0,0.017586003239327488,0.016261046438068708,14,25638325389.0,2026-07-02,2.0
2026-07-02,W3,2344,華邦電,sell_avoid,0.0,sell,-1.0,-0.015789473684210575,-91.97968438055706,0,0.7182879335263935,0,2,-121157830.0,133312700.0,0.02554227766746904,0.0,1,68676124.0,2026-07-01,2.0
2026-07-02,W3,2357,華碩,unclear,1.1144049908946554,neutral,0.0,-0.047976011994003025,5.417893635942566,1,1.1144049908946554,1,1,2229930.0,22689820.0,0.20291963532544552,0.8793661335047228,1,107950000.0,2026-07-02,2.0
2026-07-02,W3,2412,中華電,unclear,0.0,sell,-0.5,0.0,-31.47268309859155,0,0.3427497732279383,0,2,-53150.0,53150.0,0.0,0.0,1,20093000.0,2026-07-01,2.0
2026-07-02,W3,2454,聯發科,hedge_suspect,1.5113635872644675,sell,-0.3063837872391216,-0.00036872784434157664,-0.31326461779513576,4,0.5447405782401687,2,0,26508510.0,69272520.0,0.022276798938453517,0.42870133322710224,5,10282172250.0,2026-07-02,2.0
2026-07-02,W3,2461,光群雷,unclear,0.0,buy,0.5,0.11143695014662747,-0.026487730345110327,0,,0,0,0.0,0.0,,0.0,1,47564500.0,2026-07-01,2.0
2026-07-02,W3,2528,皇普,unclear,0.0,neutral,0.0,-0.06249999999999989,0.65616,0,,0,0,0.0,0.0,,0.0,1,21000000.0,2026-07-01,2.0
2026-07-02,W3,2845,遠東銀,unclear,0.0,sell,-0.5,-0.020000000000000018,0.30519128990595035,0,,0,0,0.0,0.0,,0.0,1,140290701.0,2026-07-02,2.0
2026-07-02,W3,2881,富邦金,unclear,0.0,neutral,0.026891643057989408,-0.018322688905706964,2.1958513038276077,0,0.6598341609921151,0,2,-7406200.0,9200220.0,0.0,0.0,2,1415793000.0,2026-07-01,2.0
2026-07-02,W3,2882,國泰金,unclear,0.0,neutral,0.0,0.03473684210526318,-12.069765423972234,0,0.24586437506497105,0,2,-7980380.0,8470240.0,0.09840689283892783,0.07245338025843706,1,31750900.0,2026-07-01,2.0
2026-07-02,W3,2883,凱基金,unclear,0.0,buy,0.5150665491333739,-0.03470177862084401,1.3140456906127105,0,0.3352003634938244,0,2,-5257880.0,8190390.0,0.0,0.06378649329379506,2,45802625.0,2026-07-01,2.0
2026-07-02,W3,2885,元大金,unclear,0.04693526952124728,sell,-0.5,-0.004545454545454519,-7.942993698871098,2,0.04693526952124728,2,0,266950.0,514200.0,0.0,0.6054327808471455,1,24900300.0,2026-07-01,2.0
2026-07-02,W3,2886,兆豐金,unclear,0.0,buy,0.5,-0.0010834236186347823,16.599894409299836,0,0.7382429724971161,0,2,-1109140.0,1268240.0,0.0,0.0,1,20929400.0,2026-07-01,2.0
2026-07-02,W3,2887,台新新光金,unclear,0.0,buy,0.5,-0.002998500749625266,3.0755028223738536,0,0.4935705084566821,0,2,-5115000.0,10967500.0,0.0,0.10694264649506359,1,28761250.0,2026-07-01,2.0
2026-07-02,W3,2887H,台新新光庚特二,unclear,0.0,sell,-0.5,-0.05459057071960283,,0,,0,0,0.0,0.0,,0.0,1,94183200.0,2026-07-02,2.0
2026-07-02,W3,2890,永豐金,unclear,0.0,buy,0.5,-0.0025000000000000577,23.80569437450439,0,0.4334067413241552,0,2,-2769010.0,3130260.0,0.0,0.0,1,17276700.0,2026-07-01,2.0
2026-07-02,W3,2891,中信金,unclear,0.0,buy,0.4197977010616262,0.007828110636236112,-7.916495786146749,0,0.43438493654436366,0,2,-1260120.0,1784510.0,0.0,0.12229690735648573,5,133010090.0,2026-07-02,2.0
2026-07-02,W3,3037,欣興,unclear,0.0,buy,0.42182924783650694,0.026752780536791265,-3.3702979310099725,0,0.8453116992261978,0,2,-20311670.0,28736920.0,0.00030761821378213117,0.014519675823298871,3,2048400400.0,2026-07-02,2.0
2026-07-02,W3,3044,健鼎,unclear,0.0,neutral,0.0,0.01479861697169899,-3.0924117383072,0,0.4898638185042234,0,2,-9716050.0,13405010.0,0.0018269288870355188,0.008751379157173767,2,252122657.0,2026-07-01,2.0
2026-07-02,W3,3665,貿聯-KY,sell_avoid,0.0,sell,-0.5,-0.015931372549019662,-0.13306998754669988,0,1.4557408690762752,1,1,15366400.0,60280780.0,0.019826385789964894,0.262670398360126,1,40150000.0,2026-07-02,2.0
2026-07-02,W3,3711,日月光投控,lean_buy,7.175923326623099,buy,0.30153822429919935,-0.006862516018056958,28.716578723130525,3,1.8378057574879412,2,0,108685330.0,114188760.0,0.01911974523587085,0.954400568375434,5,357983293.0,2026-07-02,2.0
2026-07-02,W3,4722,國精化,unclear,0.0,buy,0.5,0.147005444646098,-0.21299107534079845,0,0.825305272113481,0,2,-3905060.0,5874390.0,0.0,0.08780615454559872,1,164320000.0,2026-07-01,2.0
2026-07-02,W3,5876,上海商銀,unclear,0.0,neutral,0.0,0.044205495818399054,-6.245016734792408,0,,0,0,0.0,0.0,,0.0,1,15012436.0,2026-07-02,2.0
2026-07-02,W3,6669,緯穎,lean_buy,10.446918920095506,neutral,0.0,-0.005461767626613657,56.700685971043434,4,2.6117297300238764,2,0,170384770.0,181337190.0,0.007502211763621131,0.9539123628322211,1,25037500.0,2026-07-01,2.0
2026-07-02,W3,7769,鴻勁,sell_avoid,0.0,sell,-1.0,-0.02104279699156928,-11.894747259771785,0,0.7101459624290222,1,1,6930640.0,11942260.0,0.0,0.3255944444858245,3,199580001.0,2026-07-02,2.0
2026-07-02,W3,9945,潤泰新,unclear,0.0,neutral,0.0,0.09812030075187961,-3.8840090807335486,0,0.735868138218685,0,2,-680450.0,874230.0,0.0,0.0,1,20593050.0,2026-07-01,2.0
