date,code,name,verdict,score,streak,vol_mult,buy_days,sell_days,call_net_win,call_val_win,put_call_win,buy_ratio,blk_n,blk_value,blk_last,blk_dir,blk_wdir,blk_prem,blk_inst_ratio,window,win_len
2026-07-02,01010T,京城樂富R1,unclear,0.0,0,,0,0,0.0,0.0,,0.0,2,230007580.0,2026-07-01,neutral,0.0,0.002037066169732317,0.002345903466072371,5,5.0
2026-07-02,1216,統一,unclear,0.4515187330866159,1,0.4515187330866159,2,3,-898560.0,3051380.0,0.0,0.9848376484050922,1,85418300.0,2026-07-01,neutral,0.0,-0.09932885906040279,0.7329996967862858,5,5.0
2026-07-02,1303,南亞,unclear,2.735244020280923,3,0.9117480067603076,3,2,109263440.0,198558220.0,0.03537133844169232,0.9417818590761142,2,172877150.0,2026-07-02,neutral,0.0,-0.12360285598228789,27.374433116233117,5,5.0
2026-07-02,1436,華友聯,unclear,0.0,0,,0,0,0.0,0.0,,0.0,1,134850000.0,2026-07-01,neutral,0.0,0.0,0.037333333333333336,5,5.0
2026-07-02,1466,聚隆,unclear,0.0,0,,0,0,0.0,0.0,,0.0,2,26660950.0,2026-07-02,sell,-0.5,-0.17887333246062684,0.08402426395158463,5,5.0
2026-07-02,1519,華城,sell_avoid,0.1522085704443311,1,0.3044171408886622,1,4,-19513810.0,35704680.0,0.07837600000896242,0.7606106479926614,1,147204000.0,2026-06-29,sell,-0.5,0.0,-0.5495744680851063,5,5.0
2026-07-02,2027,大成鋼,sell_avoid,0.0,0,1.621089427916239,2,3,-3832950.0,34883940.0,0.0,0.019046716332902006,1,17399200.0,2026-06-30,sell,-1.0,-0.09789343246592319,-4.425466814566187,5,5.0
2026-07-02,2101,南港,unclear,0.0,0,0.0,0,0,0.0,0.0,,0.0,1,59830000.0,2026-06-29,sell,-0.5,-0.02668759811616961,0.30290771352164464,5,5.0
2026-07-02,2211,長榮鋼,unclear,0.0,0,0.0,0,0,0.0,4600.0,0.0,0.0,1,20871500.0,2026-06-30,sell,-1.0,-0.10010649627263046,-0.5513787844668567,5,5.0
2026-07-02,2303,聯電,sell_avoid,0.0,0,0.5447821869215741,3,2,-37156920.0,414710010.0,0.0184130833977217,0.016275115789752444,1,382776000.0,2026-06-26,sell,-0.5,0.0,-18.592315338474723,5,5.0
2026-07-02,2308,台達電,unclear,0.0,0,0.5188180422594808,2,3,96800.0,136689540.0,0.022218525279988504,0.26089932789185233,10,856584943.0,2026-07-02,neutral,0.08062314142264815,0.02872439263658682,-90.55356450504408,5,5.0
2026-07-02,2317,鴻海,unclear,0.0,0,0.4222416577707852,1,4,-70745450.0,156583480.0,0.05077713178938161,0.004428324850920211,5,288998435.0,2026-07-02,neutral,-0.23174969788331207,0.034330277499588564,-98.14039846617162,5,5.0
2026-07-02,2327,國巨*,sell_avoid,0.0,0,1.001729921159757,2,3,-51084850.0,265821080.0,0.011278789477493658,0.0003612862610002159,6,4019542020.0,2026-07-01,sell,-0.272850616946654,-0.004241658785208077,-9.402267826024618,5,5.0
2026-07-02,2330,台積電,hedge_suspect,0.0,0,0.8702514972235327,3,2,144814230.0,753075830.0,0.024150091233176345,0.016261046438068708,43,58000159338.0,2026-07-02,sell,-0.2532497870807832,-0.0027095658176169274,-6.980630497591341,5,5.0
2026-07-02,2344,華邦電,sell_avoid,0.0,0,0.6962771147975972,1,4,-179478440.0,355516100.0,0.0310004525814724,0.0,1,68676124.0,2026-07-01,sell,-1.0,-0.015789473684210575,-91.97968438055706,5,5.0
2026-07-02,2345,智邦,same_dir_buy,15.749713390337977,3,2.6249522317229963,4,1,144960550.0,253988900.0,0.0210230840796586,0.9158929189502036,2,48542018.0,2026-06-26,buy,1.0,0.01979029436376323,63.08041993639407,5,5.0
2026-07-02,2357,華碩,unclear,1.1056941131111593,1,1.1056941131111593,2,3,-3843580.0,36485320.0,0.28141976005692154,0.8793661335047228,1,107950000.0,2026-07-02,neutral,0.0,-0.047976011994003025,5.417893635942566,5,5.0
2026-07-02,2360,致茂,unclear,0.0,0,0.7383771367129749,3,2,-291300.0,5909690.0,0.00031304518511123257,0.0,7,1642033301.0,2026-06-30,buy,0.5447275645720903,0.0012120957355874994,1.1952562465114098,5,5.0
2026-07-02,2382,廣達,unclear,0.0,0,,0,0,0.0,0.0,,0.0,1,16467300.0,2026-06-30,neutral,0.0,-0.005597826086956581,40.27755564057253,5,5.0
2026-07-02,2383,台光電,hedge_suspect,0.3898756115123318,2,0.36899095532959725,3,2,1197940.0,10324510.0,0.0067121829510553045,0.42456851439553955,2,966964800.0,2026-06-29,sell,-0.4717003142203315,-0.006352616276668586,0.4461933050717048,5,5.0
2026-07-02,2395,研華,lean_buy,11.822174882543267,4,1.6656927097265375,4,1,25609610.0,40938810.0,0.0,0.5618290694370669,3,281802342.0,2026-06-29,buy,0.7743631243490517,0.005811616632412903,4.534649440564266,5,5.0
2026-07-02,2408,南亞科,unclear,0.0,0,0.6185084781392897,2,3,-233891550.0,466548930.0,0.03799324971123608,0.0,3,223398657.0,2026-06-29,neutral,0.19445245366895827,0.030186167657142073,-2.229362327813815,5,5.0
2026-07-02,2412,中華電,unclear,0.0,0,0.31638755980861244,0,5,-452460.0,483310.0,0.0,0.0,1,20093000.0,2026-07-01,sell,-0.5,0.0,-31.47268309859155,5,5.0
2026-07-02,2449,京元電子,unclear,1.2274566827158986,1,1.2274566827158986,2,3,-30320570.0,180605260.0,0.010400915233587327,0.5305085624038265,1,15282216.0,2026-06-30,neutral,0.0,-0.17629629629629628,363.9429787211488,5,5.0
2026-07-02,2454,聯發科,unclear,1.8280524562097307,4,0.5122831648470368,4,1,13893050.0,234340920.0,0.025188430599316584,0.42870133322710224,9,16147968250.0,2026-07-02,neutral,-0.10788964890366316,-0.00021030326451581448,-3.5555344858942237,5,5.0
2026-07-02,2461,光群雷,unclear,0.0,0,,0,0,0.0,0.0,,0.0,1,47564500.0,2026-07-01,buy,0.5,0.11143695014662747,-0.026487730345110327,5,5.0
2026-07-02,2506,太設,unclear,0.0,0,,0,0,0.0,0.0,,0.0,1,7673670.0,2026-06-29,neutral,0.0,0.0,0.05154639175257731,5,5.0
2026-07-02,2528,皇普,unclear,0.0,0,,0,0,0.0,0.0,,0.0,1,21000000.0,2026-07-01,neutral,0.0,-0.06249999999999989,0.65616,5,5.0
2026-07-02,2834,臺企銀,unclear,0.5126159200390468,1,0.5126159200390468,2,3,104190.0,688190.0,0.0,1.0,1,8150000.0,2026-06-29,neutral,0.0,-0.0842696629213483,21.322764147239265,5,5.0
2026-07-02,2845,遠東銀,unclear,0.0,0,,0,0,0.0,0.0,,0.0,1,140290701.0,2026-07-02,sell,-0.5,-0.020000000000000018,0.30519128990595035,5,5.0
2026-07-02,2881,富邦金,unclear,0.0,0,0.6205997219752162,1,4,-13894400.0,21240820.0,0.0,0.0,4,3023564850.0,2026-07-01,buy,0.2784656413107858,0.011859342940119172,0.9167036567778594,5,5.0
2026-07-02,2882,國泰金,unclear,0.0,0,0.26998754642909756,1,4,-25349920.0,32759170.0,0.10136062665812351,0.07245338025843706,3,4181750900.0,2026-07-01,neutral,-0.24272129647894616,0.0002637474173796437,-0.5678691869235922,5,5.0
2026-07-02,2882A,國泰特,unclear,0.0,0,,0,0,0.0,0.0,,0.0,1,24988500.0,2026-06-29,neutral,0.0,-0.003231017770597644,0.00495427896832543,5,5.0
2026-07-02,2883,凱基金,unclear,0.0,0,0.3823144522969665,1,4,-9325370.0,22585180.0,0.0,0.06378649329379506,4,329992625.0,2026-07-01,buy,0.3172355745829168,-0.0392305801490635,2.7069010761982937,5,5.0
2026-07-02,2885,元大金,unclear,0.04634279694355172,2,0.04634279694355172,2,3,-2314740.0,3909600.0,0.0,0.6054327808471455,2,44040900.0,2026-07-01,sell,-0.5,-0.0035622156181681743,-18.708799023180724,5,5.0
2026-07-02,2886,兆豐金,unclear,0.0,0,0.7216508305785859,1,4,-1511220.0,2416480.0,0.0,0.0,1,20929400.0,2026-07-01,buy,0.5,-0.0010834236186347823,16.599894409299836,5,5.0
2026-07-02,2887,台新新光金,unclear,0.0,0,0.4935705084566821,2,3,2619010.0,25958710.0,0.0,0.10694264649506359,1,28761250.0,2026-07-01,buy,0.5,-0.002998500749625266,3.0755028223738536,5,5.0
2026-07-02,2887H,台新新光庚特二,unclear,0.0,0,,0,0,0.0,0.0,,0.0,2,146907300.0,2026-07-02,neutral,-0.14110633031850697,-0.021094489483640698,,5,5.0
2026-07-02,2890,永豐金,unclear,0.0,0,0.46428229195661397,1,4,-2645070.0,8294220.0,0.0,0.0,2,66796700.0,2026-07-01,buy,0.5,0.0012114150203411142,15.688586949654699,5,5.0
2026-07-02,2891,中信金,unclear,0.0,0,0.48093355673606164,1,4,-2069510.0,4386290.0,0.0,0.12229690735648573,9,337357011.0,2026-07-02,buy,0.4111738780493286,0.0028977776771344824,-1.2859561232002965,5,5.0
2026-07-02,3016,嘉晶,unclear,1.2082192745818248,1,1.2082192745818248,2,3,-4580960.0,19936390.0,0.0053755970865337205,0.985190633591518,1,1674750000.0,2026-06-29,neutral,0.0,-0.04938271604938271,1.0097446215853112,5,5.0
2026-07-02,3017,奇鋐,lean_buy,8.940840211350753,3,2.980280070450251,3,2,242683760.0,388538850.0,0.023570847548449788,0.9660437965287625,1,127540000.0,2026-06-29,neutral,0.0,-0.009782608695652173,9.856060843656891,5,5.0
2026-07-02,3034,聯詠,unclear,0.0,0,0.6038287889119522,3,2,-3140200.0,74007710.0,0.000978006210434021,0.2858425962189879,1,342958000.0,2026-06-29,neutral,0.0,-0.12332695984703636,1.6243304165524641,5,5.0
2026-07-02,3037,欣興,unclear,0.0,0,0.7927997908652948,2,3,-22586680.0,76873400.0,0.0005765323245752107,0.014519675823298871,5,2084580400.0,2026-07-02,buy,0.41450797484232316,0.026538150042587146,-2.536479394126511,5,5.0
2026-07-02,3044,健鼎,unclear,0.0,0,0.4674018690649903,1,4,-8016540.0,30042250.0,0.0011600329535903602,0.008751379157173767,6,548188369.0,2026-07-01,buy,0.270040125568589,0.009470978595541904,-1.4067201916500347,5,5.0
2026-07-02,3231,緯創,lean_buy,0.0,0,0.7510489648698058,3,2,4912080.0,68077590.0,0.014213928548293205,0.013828886606588363,1,110950000.0,2026-06-30,buy,0.5,0.0,7.560117142857143,5,5.0
2026-07-02,3376,新日興,unclear,0.0,0,0.23053178635437144,1,4,-9856670.0,23999320.0,0.02629574504610964,0.000270143397429652,1,16623600.0,2026-06-26,neutral,0.0,0.017480719794344513,-39.21185802112659,5,5.0
2026-07-02,3443,創意,hedge_suspect,3.2764252305657164,3,2.184283487043811,3,2,12093740.0,20634870.0,0.0011582336113578617,0.9989868380010883,1,132600000.0,2026-06-26,sell,-0.5,0.0,-8.087133333333334,5,5.0
2026-07-02,3533,嘉澤,unclear,2.4176671374764593,2,1.2088335687382297,3,2,-1592040.0,52237320.0,0.0025983339114640644,0.3911959526358306,1,19305000.0,2026-06-30,neutral,0.0,0.016587677725118377,-13.21381351981352,5,5.0
2026-07-02,3661,世芯-KY,hedge_suspect,9.364494681948944,4,4.269852989944847,4,1,279462980.0,383968130.0,0.020797950079867306,0.9373066131973264,4,1927282320.0,2026-06-29,sell,-0.45170860074096464,-0.007606243683291672,-0.8568088094120014,5,5.0
2026-07-02,3665,貿聯-KY,unclear,0.0,0,1.4557408690762752,2,3,12354560.0,102729010.0,0.019471033547388415,0.262670398360126,2,102190000.0,2026-07-02,neutral,0.10710441334768568,-0.0062593659638236565,3.36308445053332,5,5.0
2026-07-02,3711,日月光投控,lean_buy,8.104901715210229,3,1.9086341433078873,3,2,53517970.0,321284120.0,0.020776127995370576,0.954400568375434,9,1439841409.0,2026-07-02,buy,0.41548023467076156,-0.0026507079241260036,18.02945833668547,5,5.0
2026-07-02,4722,國精化,unclear,0.0,0,0.939717976805244,1,4,-3457000.0,22537750.0,0.00024847200807534027,0.08780615454559872,1,164320000.0,2026-07-01,buy,0.5,0.147005444646098,-0.21299107534079845,5,5.0
2026-07-02,5871,中租-KY,unclear,0.3185548133328812,1,0.21236987555525413,2,3,-897310.0,2132340.0,0.0,1.0,1,152045000.0,2026-06-30,buy,0.5,0.0,0.7717751159196291,5,5.0
2026-07-02,5876,上海商銀,unclear,0.0,0,,0,0,0.0,0.0,,0.0,1,15012436.0,2026-07-02,neutral,0.0,0.044205495818399054,-6.245016734792408,5,5.0
2026-07-02,6285,啟碁,unclear,0.7006955893383539,1,0.3503477946691769,2,3,7756100.0,93914630.0,0.05389128403103968,0.8340215108407809,1,19475000.0,2026-06-29,buy,1.0,0.006355932203389925,1.3286648523748394,5,5.0
2026-07-02,6464,台數科,unclear,0.0,0,,0,0,0.0,0.0,,0.0,1,32292000.0,2026-06-30,neutral,0.0,0.0,0.004830917874396135,5,5.0
2026-07-02,6669,緯穎,lean_buy,10.316821482194861,4,2.5792053705487152,4,1,172566240.0,287338270.0,0.019299726416533377,0.9539123628322211,1,25037500.0,2026-07-01,neutral,0.0,-0.005461767626613657,56.700685971043434,5,5.0
2026-07-02,6918,愛派司,unclear,0.0,0,,0,0,0.0,0.0,,0.0,1,15300000.0,2026-06-30,buy,0.5,0.03734439834024905,-0.023627450980392158,5,5.0
2026-07-02,6994,富威電力,unclear,0.0,0,0.9151193633952255,2,2,-9040.0,16340.0,0.0,0.0,2,71220000.0,2026-06-30,neutral,-0.06866048862679022,-0.025668946025678464,-0.11965487222690256,5,5.0
2026-07-02,7769,鴻勁,sell_avoid,0.0,0,0.6936912266198202,2,3,-5052220.0,30098130.0,0.0,0.3255944444858245,4,265005001.0,2026-07-02,sell,-0.7531178666322603,-0.01308125279725234,-12.034488171791143,5,5.0
2026-07-02,8464,億豐,unclear,10.042500908508835,3,3.347500302836278,3,2,1522260.0,2214620.0,0.0,0.9911084459424531,1,18278000.0,2026-06-26,neutral,0.0,0.0028530670470756636,-0.11139372469635628,5,5.0
2026-07-02,9945,潤泰新,unclear,0.0,0,0.7958856459590196,1,4,-1013130.0,2232040.0,0.0,0.0,1,20593050.0,2026-07-01,neutral,0.0,0.09812030075187961,-3.8840090807335486,5,5.0
2026-07-02,總計,,unclear,0.0,0,,0,0,0.0,0.0,,0.0,5,101737512814.0,2026-07-02,neutral,0.0,,,5,5.0
2026-07-02,0050,元大台灣50,hedge_suspect,0.0,0,0.5515286918866348,6,4,24944620.0,565109350.0,0.16215682858547642,0.013694837295425095,1,2090000000.0,2026-06-17,sell,-0.5,-0.014150943396226467,-0.4846471645933014,10,10.0
2026-07-02,01010T,京城樂富R1,unclear,0.0,0,,0,0,0.0,0.0,,0.0,2,230007580.0,2026-07-01,neutral,0.0,0.002037066169732317,0.002345903466072371,10,10.0
2026-07-02,1216,統一,unclear,0.33149726690155956,1,0.4515187330866159,4,6,-75940.0,5128320.0,0.0,0.9848376484050922,3,182375300.0,2026-07-01,sell,-0.2658172460854074,-0.04634369659964813,-2.625512528286451,10,10.0
2026-07-02,1301,台塑,unclear,2.1607263796612,1,2.1607263796612,6,4,70665790.0,149726500.0,0.001480232290209148,0.8112793799203433,1,33180910.0,2026-06-23,neutral,0.0,0.15257315842583252,-9.516352622637534,10,10.0
2026-07-02,1303,南亞,unclear,2.735244020280923,3,0.9117480067603076,7,3,211688770.0,489818790.0,0.016992141114063837,0.9417818590761142,2,172877150.0,2026-07-02,neutral,0.0,-0.12360285598228789,27.374433116233117,10,10.0
2026-07-02,1326,台化,lean_buy,8.621786431790063,4,2.155446607947516,8,2,57044560.0,172157600.0,0.011235112478333805,0.964272561307337,2,35820200.0,2026-06-23,neutral,0.0,0.08516350089199942,-36.870130468283264,10,10.0
2026-07-02,1423,利華,unclear,0.0,0,,0,0,0.0,0.0,,0.0,2,75859750.0,2026-06-25,buy,0.5,0.10176052316873126,-0.010633648278566698,10,10.0
2026-07-02,1436,華友聯,unclear,0.0,0,,0,0,0.0,0.0,,0.0,1,134850000.0,2026-07-01,neutral,0.0,0.0,0.037333333333333336,10,10.0
2026-07-02,1466,聚隆,unclear,0.0,0,,0,0,0.0,0.0,,0.0,2,26660950.0,2026-07-02,sell,-0.5,-0.17887333246062684,0.08402426395158463,10,10.0
2026-07-02,1472,三洋實業,unclear,0.0,0,,0,0,0.0,0.0,,0.0,1,456290053.0,2026-06-17,buy,0.5,0.0978021978021979,0.00019943454695471962,10,10.0
2026-07-02,1519,華城,sell_avoid,0.1522085704443311,1,0.3044171408886622,4,6,4372570.0,91591310.0,0.04409173752400746,0.7606106479926614,2,181707000.0,2026-06-29,sell,-0.5,0.0005796172564651469,-3.500202017533722,10,10.0
2026-07-02,2002,中鋼,unclear,0.0,0,0.44548898114816815,2,8,-1995200.0,14095850.0,0.0,0.10542690223129443,1,96416800.0,2026-06-18,buy,0.5,0.0,6.859949484944533,10,10.0
2026-07-02,2027,大成鋼,sell_avoid,0.0,0,1.621089427916239,4,6,-13493500.0,69568440.0,0.0,0.019046716332902006,1,17399200.0,2026-06-30,sell,-1.0,-0.09789343246592319,-4.425466814566187,10,10.0
2026-07-02,2101,南港,unclear,0.0,0,0.0,0,0,0.0,0.0,,0.0,5,650163002.0,2026-06-29,neutral,-0.10518458261948287,-0.0031786859234868253,0.02894015268804852,10,10.0
2026-07-02,2106,建大,unclear,0.0,0,,0,0,0.0,0.0,,0.0,1,11979030.0,2026-06-17,neutral,0.0,0.10816901408450708,-0.6363416111321201,10,10.0
2026-07-02,2211,長榮鋼,unclear,0.0,0,0.0,0,2,-45560.0,100710.0,0.0,0.0,1,20871500.0,2026-06-30,sell,-1.0,-0.10010649627263046,-0.5513787844668567,10,10.0
2026-07-02,2301,光寶科,unclear,0.0,0,1.395542422261616,4,6,28384470.0,275705560.0,0.006881435397965859,0.2764553516414753,2,118290095.0,2026-06-17,neutral,-0.1500050152128122,-0.0030333328556939616,-0.39431467190892017,10,10.0
2026-07-02,2303,聯電,lean_buy,0.0,0,0.5447821869215741,6,4,161536030.0,887229950.0,0.012551931999139569,0.016275115789752444,2,2055007500.0,2026-06-26,buy,0.31373498636866287,0.0,-1.7102675372231009,10,10.0
2026-07-02,2308,台達電,unclear,0.0,0,0.5188180422594808,3,7,-30761430.0,234350030.0,0.01684650947132373,0.26089932789185233,23,7750734800.0,2026-07-02,neutral,-0.21078229982788213,0.0034390986984902086,-21.477871562577526,10,10.0
2026-07-02,2317,鴻海,sell_avoid,0.0,0,0.4222416577707852,3,7,-133424100.0,477405970.0,0.023893291489421466,0.004428324850920211,19,1670753777.0,2026-07-02,sell,-0.3784648406633529,0.0057701885286541,-40.739041902222795,10,10.0
2026-07-02,2327,國巨*,unclear,0.0,0,1.001729921159757,5,5,10968270.0,574707960.0,0.01139867629465233,0.0003612862610002159,15,5222720061.0,2026-07-01,neutral,-0.2116263148495027,-0.005901104819037703,-8.662205231489622,10,10.0
2026-07-02,2330,台積電,sell_avoid,0.0,0,0.8702514972235327,5,5,312675920.0,1922359270.0,0.01655708196522495,0.016261046438068708,91,90497950171.0,2026-07-02,sell,-0.28562457528770757,-0.0020206773068673334,-9.747354552541823,10,10.0
2026-07-02,2344,華邦電,sell_avoid,0.0,0,0.6962771147975972,5,5,-26805150.0,816501290.0,0.022276155864983386,0.0,3,960371124.0,2026-07-01,sell,-0.5357549921503054,-0.0011291050152728065,-11.772247157860194,10,10.0
2026-07-02,2345,智邦,same_dir_buy,10.391056695654765,3,2.6249522317229963,6,4,103251270.0,411263650.0,0.02038351796955554,0.9158929189502036,4,125841828.0,2026-06-26,buy,0.3195232748844049,0.014026152225681982,19.870535613961362,10,10.0
2026-07-02,2357,華碩,unclear,1.1056941131111593,1,1.1056941131111593,3,7,-23678770.0,76438050.0,0.16025068666717687,0.8793661335047228,2,906950000.0,2026-07-02,neutral,0.0,0.0054553527951281145,-1.6951260014333756,10,10.0
2026-07-02,2360,致茂,unclear,0.0,0,0.7383771367129749,5,5,-2767450.0,16189910.0,0.00011426870192607618,0.0,10,2368067801.0,2026-06-30,buy,0.36603937211340004,0.003315844557771036,0.9773624129438514,10,10.0
2026-07-02,2382,廣達,unclear,0.0,0,,0,0,0.0,0.0,,0.0,4,926566910.0,2026-06-30,neutral,0.1509400492188956,-0.022210174686239974,3.671844313974044,10,10.0
2026-07-02,2383,台光電,hedge_suspect,0.3898756115123318,2,0.36899095532959725,7,3,18705820.0,81939720.0,0.002256536878573664,0.42456851439553955,2,966964800.0,2026-06-29,sell,-0.4717003142203315,-0.006352616276668586,0.4461933050717048,10,10.0
2026-07-02,2395,研華,unclear,7.719545106508648,4,1.6656927097265375,8,2,33021820.0,69439700.0,0.0,0.5618290694370669,8,699533551.0,2026-06-29,neutral,0.15860882704109214,-0.0021744254756216256,2.1625488546438567,10,10.0
2026-07-02,2408,南亞科,hedge_suspect,0.0,0,0.6185084781392897,6,4,55302690.0,1165785570.0,0.02451874575870758,0.0,5,777050757.0,2026-06-29,sell,-0.2654267834398365,0.007696446898693131,5.3688730258839445,10,10.0
2026-07-02,2412,中華電,unclear,0.0,0,0.31638755980861244,1,8,-621650.0,666370.0,0.0,0.0,1,20093000.0,2026-07-01,sell,-0.5,0.0,-31.47268309859155,10,10.0
2026-07-02,2449,京元電子,hedge_suspect,0.1377312045486696,1,1.2274566827158986,6,4,27526380.0,383434760.0,0.0065741040275013145,0.5305085624038265,4,136194686.0,2026-06-30,sell,-0.8877913929769624,-0.04228054222580916,40.034936348397615,10,10.0
2026-07-02,2454,聯發科,unclear,1.9225222243818636,4,0.5122831648470368,6,4,21079050.0,452869890.0,0.016942371682074072,0.42870133322710224,14,17865452873.0,2026-07-02,neutral,-0.06178732959343325,-0.00010565797809890238,-5.380995639370938,10,10.0
2026-07-02,2461,光群雷,unclear,0.0,0,,0,0,0.0,0.0,,0.0,1,47564500.0,2026-07-01,buy,0.5,0.11143695014662747,-0.026487730345110327,10,10.0
2026-07-02,2481,強茂,unclear,2.141260093379012,3,0.7137533644596707,7,3,33402080.0,155821000.0,0.0009194524486429942,0.8578060260722401,1,19482000.0,2026-06-17,neutral,0.0,-0.01546391752577314,4.854996381275023,10,10.0
2026-07-02,2489,瑞軒,unclear,0.37960239554909814,1,0.37960239554909814,6,4,4727580.0,31776810.0,0.005008998700624764,0.3646689071446353,1,30764400.0,2026-06-17,neutral,0.0,-0.14917695473251025,8.111216210945118,10,10.0
2026-07-02,2506,太設,unclear,0.0,0,,0,0,0.0,0.0,,0.0,2,12460870.0,2026-06-29,neutral,0.0,0.0,0.037393055220060874,10,10.0
2026-07-02,2528,皇普,unclear,0.0,0,,0,0,0.0,0.0,,0.0,1,21000000.0,2026-07-01,neutral,0.0,-0.06249999999999989,0.65616,10,10.0
2026-07-02,2536,宏普,unclear,0.0,0,,0,0,0.0,0.0,,0.0,1,15120000.0,2026-06-22,neutral,0.0,0.12676056338028174,-0.6695469047619048,10,10.0
2026-07-02,2603,長榮,unclear,0.0,0,0.5848968213308225,3,7,-24735810.0,60846990.0,0.0013128011755388393,0.07497109895009292,3,147333060.0,2026-06-22,buy,0.3283733467559827,-0.0034061321226463567,5.696698561748463,10,10.0
2026-07-02,2610,華航,lean_buy,1.2492436482044054,1,0.8328290988029369,6,4,14302620.0,98494580.0,0.0,0.9170677423841981,1,59400000.0,2026-06-18,buy,0.5,0.0,7.194652962962963,10,10.0
2026-07-02,2633,台灣高鐵,unclear,0.0,0,0.0,1,3,-150580.0,458700.0,0.0,0.0,1,20553900.0,2026-06-18,neutral,0.0,0.0,-0.03249745547073791,10,10.0
2026-07-02,2812,台中銀,unclear,0.0,0,,0,0,0.0,0.0,,0.0,1,29700000.0,2026-06-18,sell,-0.5,0.0,-1.019846,10,10.0
2026-07-02,2834,臺企銀,unclear,0.9885923334057126,1,0.5126159200390468,6,4,439720.0,1876040.0,0.0,1.0,2,114025000.0,2026-06-29,buy,0.9285244463933348,0.07814896696548279,2.9011318938829205,10,10.0
2026-07-02,2845,遠東銀,unclear,0.0,0,,0,0,0.0,0.0,,0.0,1,140290701.0,2026-07-02,sell,-0.5,-0.020000000000000018,0.30519128990595035,10,10.0
2026-07-02,2881,富邦金,unclear,0.0,0,0.6205997219752162,4,6,-98580.0,66464000.0,0.0,0.0,6,3233630850.0,2026-07-01,buy,0.27472490405019484,0.012351694023539434,0.77534271560404,10,10.0
2026-07-02,2882,國泰金,unclear,0.0,0,0.26998754642909756,5,5,1223060.0,92950460.0,0.03799959677445383,0.07245338025843706,3,4181750900.0,2026-07-01,neutral,-0.24272129647894616,0.0002637474173796437,-0.5678691869235922,10,10.0
2026-07-02,2882A,國泰特,unclear,0.0,0,,0,0,0.0,0.0,,0.0,3,94998000.0,2026-06-29,neutral,0.0,-0.001380627338972139,0.00495427896832543,10,10.0
2026-07-02,2883,凱基金,unclear,0.0,0,0.3823144522969665,4,6,-9951850.0,74701130.0,0.0,0.06378649329379506,7,414365595.0,2026-07-01,buy,0.4364341228667887,-0.021323695280752827,4.814853655863971,10,10.0
2026-07-02,2885,元大金,hedge_suspect,0.03362605530928663,2,0.04634279694355172,6,4,4731650.0,14773690.0,0.0,0.6054327808471455,3,60696340.0,2026-07-01,sell,-0.6372030010376244,-0.004738490311400699,-22.665585695941466,10,10.0
2026-07-02,2886,兆豐金,unclear,0.0,0,0.7216508305785859,5,5,1049260.0,8664830.0,0.0,0.0,4,100494570.0,2026-07-01,buy,0.4073006631104546,-0.000480712218363133,11.407869878442188,10,10.0
2026-07-02,2887,台新新光金,unclear,0.0,0,0.4935705084566821,5,5,9504190.0,51463660.0,0.0,0.10694264649506359,2,71401250.0,2026-07-01,buy,0.7985942122861994,0.010865963154038842,7.405374494144009,10,10.0
2026-07-02,2887H,台新新光庚特二,unclear,0.0,0,,0,0,0.0,0.0,,0.0,2,146907300.0,2026-07-02,neutral,-0.14110633031850697,-0.021094489483640698,,10,10.0
2026-07-02,2890,永豐金,unclear,0.0,0,0.46428229195661397,4,6,6639330.0,25461640.0,0.0,0.0,3,160606700.0,2026-07-01,neutral,0.20795116268499383,-0.07260880845367389,10.489263988675441,10,10.0
2026-07-02,2891,中信金,unclear,0.0,0,0.48093355673606164,4,6,3027870.0,20813320.0,0.0,0.12229690735648573,10,353891451.0,2026-07-02,buy,0.3686022087603354,0.0028684235887726454,-3.338685690658291,10,10.0
2026-07-02,2912,統一超,unclear,0.0,0,,0,0,0.0,0.0,,0.0,1,20235690.0,2026-06-18,sell,-0.5,0.0,-33.449966865473826,10,10.0
2026-07-02,3008,大立光,unclear,0.0,0,0.4305534841031134,4,6,25615360.0,550319220.0,0.013410816362183388,0.07272932968794192,1,262322580.0,2026-06-17,buy,0.5,-0.00027599611273076974,15.120761506691494,10,10.0
2026-07-02,3016,嘉晶,unclear,1.2082192745818248,1,1.2082192745818248,6,4,10399010.0,48566190.0,0.03338865988870035,0.985190633591518,1,1674750000.0,2026-06-29,neutral,0.0,-0.04938271604938271,1.0097446215853112,10,10.0
2026-07-02,3017,奇鋐,same_dir_buy,12.03277977783236,3,2.980280070450251,5,5,223052280.0,591639620.0,0.02200871875348713,0.9660437965287625,4,413612934.0,2026-06-29,buy,0.34582203611650114,-0.00320270787244827,4.346998068005291,10,10.0
2026-07-02,3022,威強電,unclear,7.651665711024256,3,2.5505552370080853,5,5,-492180.0,8057390.0,0.0,0.5522936612368983,1,150122700.0,2026-06-23,neutral,0.0,0.0,0.07859956355701038,10,10.0
2026-07-02,3034,聯詠,lean_buy,0.0,0,0.6038287889119522,7,3,43499020.0,219035500.0,0.0018760885792485694,0.2858425962189879,4,751160660.0,2026-06-29,buy,0.2717146156189809,-0.055833590924404035,1.8363953418433814,10,10.0
2026-07-02,3036,文曄,sell_avoid,0.21883385181163315,1,0.8225179289578988,4,6,3605980.0,59118840.0,0.005264480832167884,0.8249494552784277,4,885160000.0,2026-06-23,sell,-0.7339464051696868,-0.03822496975505896,-2.5651920223462423,10,10.0
2026-07-02,3037,欣興,unclear,0.0,0,0.7927997908652948,5,5,-12019330.0,127352550.0,0.0011355877836761023,0.014519675823298871,5,2084580400.0,2026-07-02,buy,0.41450797484232316,0.026538150042587146,-2.536479394126511,10,10.0
2026-07-02,3044,健鼎,unclear,0.0,0,0.4674018690649903,4,6,5061090.0,85512860.0,0.0008420955631702647,0.008751379157173767,6,548188369.0,2026-07-01,buy,0.270040125568589,0.009470978595541904,-1.4067201916500347,10,10.0
2026-07-02,3231,緯創,lean_buy,0.0,0,0.7510489648698058,6,4,9587670.0,167338970.0,0.007141552263647852,0.013828886606588363,1,110950000.0,2026-06-30,buy,0.5,0.0,7.560117142857143,10,10.0
2026-07-02,3311,閎暉,unclear,0.0,0,,0,0,0.0,0.0,,0.0,1,22461250.0,2026-06-25,neutral,0.0,0.0,0.046650420168067225,10,10.0
2026-07-02,3376,新日興,unclear,0.0,0,0.23053178635437144,3,7,-5734680.0,66100320.0,0.017106119909858226,0.000270143397429652,1,16623600.0,2026-06-26,neutral,0.0,0.017480719794344513,-39.21185802112659,10,10.0
2026-07-02,3443,創意,hedge_suspect,3.2764252305657164,3,2.184283487043811,5,5,14476580.0,42062670.0,0.002789409231510981,0.9989868380010883,1,132600000.0,2026-06-26,sell,-0.5,0.0,-8.087133333333334,10,10.0
2026-07-02,3481,群創,hedge_suspect,0.0,0,0.4146973015428225,6,4,146788220.0,526295280.0,0.008654153235043264,0.3055351557060876,1,34075400.0,2026-06-24,sell,-0.5,0.0,-41.076054989816704,10,10.0
2026-07-02,3533,嘉澤,unclear,2.4176671374764593,2,1.2088335687382297,6,4,-20342050.0,117536170.0,0.003755099387703377,0.3911959526358306,2,51708840.0,2026-06-30,neutral,0.0,0.006073744630174377,-5.195781417645416,10,10.0
2026-07-02,3653,健策,unclear,1.0319648913104853,1,1.374375738048502,5,5,-4407210.0,31917080.0,0.33504976019109517,0.7116081000188913,3,401507500.0,2026-06-24,neutral,-0.24913918170893445,0.019070823675007325,-8.028458546851553,10,10.0
2026-07-02,3661,世芯-KY,hedge_suspect,8.693304036229408,4,4.269852989944847,6,4,289319350.0,637169170.0,0.018148429874596726,0.9373066131973264,7,3571172320.0,2026-06-29,sell,-0.4910068299364507,-0.01661759521814208,-1.6847776278687105,10,10.0
2026-07-02,3665,貿聯-KY,unclear,0.0,0,1.4557408690762752,4,6,-23472250.0,196914250.0,0.01899126142470644,0.262670398360126,2,102190000.0,2026-07-02,neutral,0.10710441334768568,-0.0062593659638236565,3.36308445053332,10,10.0
2026-07-02,3702,大聯大,sell_avoid,0.0,0,0.7328747810759383,4,6,228380.0,26948300.0,0.0,0.0041331580405313305,1,111280000.0,2026-06-25,sell,-0.5,0.0,-1.859375,10,10.0
2026-07-02,3711,日月光投控,unclear,8.178066730153455,3,1.9086341433078873,5,5,85144200.0,550971500.0,0.015729579479156364,0.954400568375434,17,2513985522.0,2026-07-02,buy,0.42825813576821387,-0.0014709087178833844,19.480294146658178,10,10.0
2026-07-02,4722,國精化,unclear,0.0,0,0.939717976805244,4,6,20571560.0,63595520.0,0.00680771224136543,0.08780615454559872,1,164320000.0,2026-07-01,buy,0.5,0.147005444646098,-0.21299107534079845,10,10.0
2026-07-02,4919,新唐,unclear,0.5643187009925588,1,0.5643187009925588,5,5,7488820.0,42028180.0,0.0,0.9246970246507498,1,58407500.0,2026-06-18,neutral,0.0,-0.025445292620865145,4.365911569575825,10,10.0
2026-07-02,4958,臻鼎-KY,unclear,0.0,0,0.5125455731290313,4,6,-150659950.0,659942330.0,0.011535856474004328,0.041877174491233286,3,1659808000.0,2026-06-24,neutral,-0.11925053982147332,-0.0017792030849463653,-3.35359863490235,10,10.0
2026-07-02,5007,三星,unclear,0.0,0,,0,0,0.0,0.0,,0.0,1,40600000.0,2026-06-18,buy,0.5,0.03571428571428581,-0.010344827586206896,10,10.0
2026-07-02,5434,崇越,unclear,0.24873926804951943,1,0.24873926804951943,5,5,452850.0,4935440.0,0.0,0.7626274418242664,2,50094340.0,2026-06-25,neutral,0.0,-0.0080328711984248,6.410958403683929,10,10.0
2026-07-02,5538,東明-KY,unclear,0.0,0,,0,0,0.0,0.0,,0.0,1,41570100.0,2026-06-22,neutral,0.0,0.0,0.0031080031080031076,10,10.0
2026-07-02,5871,中租-KY,unclear,0.3185548133328812,1,0.21236987555525413,4,6,-1344000.0,4933160.0,0.0,1.0,1,152045000.0,2026-06-30,buy,0.5,0.0,0.7717751159196291,10,10.0
2026-07-02,5876,上海商銀,unclear,0.0,0,,0,0,0.0,0.0,,0.0,1,15012436.0,2026-07-02,neutral,0.0,0.044205495818399054,-6.245016734792408,10,10.0
2026-07-02,6214,精誠,unclear,1.8322963649653254,1,1.8322963649653254,3,7,-2661680.0,8678960.0,0.0,0.8270561106840891,3,46255000.0,2026-06-22,neutral,0.0,0.08851408030131293,-9.643721089611933,10,10.0
2026-07-02,6285,啟碁,unclear,0.7006955893383539,1,0.3503477946691769,5,5,-9966360.0,240966530.0,0.04591675034702952,0.8340215108407809,1,19475000.0,2026-06-29,buy,1.0,0.006355932203389925,1.3286648523748394,10,10.0
2026-07-02,6415,矽力*-KY,lean_buy,0.8151042890866913,1,0.40755214454334565,6,4,10289640.0,65070480.0,0.0,0.4565222842413027,1,20996920.0,2026-06-23,buy,1.0,0.05010852713178293,40.69797475058247,10,10.0
2026-07-02,6446,藥華藥,unclear,0.0,0,,0,0,0.0,0.0,,0.0,2,51969777.0,2026-06-25,neutral,0.0,-0.011605606625001432,16.123210611429023,10,10.0
2026-07-02,6464,台數科,unclear,0.0,0,,0,0,0.0,0.0,,0.0,1,32292000.0,2026-06-30,neutral,0.0,0.0,0.004830917874396135,10,10.0
2026-07-02,6669,緯穎,lean_buy,10.316821482194861,4,2.5792053705487152,6,4,170337130.0,499637180.0,0.014932735790398945,0.9539123628322211,1,25037500.0,2026-07-01,neutral,0.0,-0.005461767626613657,56.700685971043434,10,10.0
2026-07-02,6770,力積電,sell_avoid,0.0,0,0.9862114952222378,4,6,-140937640.0,368005350.0,0.025280502036179636,0.09588746736034363,8,1390290100.0,2026-06-25,sell,-0.34863069225624205,-0.036314882833513286,-8.85644445961314,10,10.0
2026-07-02,6902,GOGOLOOK,unclear,0.0,0,,0,0,0.0,0.0,,0.0,1,586560000.0,2026-06-22,sell,-0.5,-0.08045977011494254,-0.004882625818330605,10,10.0
2026-07-02,6918,愛派司,unclear,0.0,0,,0,0,0.0,0.0,,0.0,1,15300000.0,2026-06-30,buy,0.5,0.03734439834024905,-0.023627450980392158,10,10.0
2026-07-02,6994,富威電力,unclear,0.0,0,0.9151193633952255,4,2,-8260.0,17630.0,0.0,0.0,6,168916000.0,2026-06-30,neutral,-0.14735134623126286,-0.050206022718189705,0.3528968362973312,10,10.0
2026-07-02,7610,聯友金屬-創,unclear,0.0,0,,0,0,0.0,0.0,,0.0,1,833400000.0,2026-06-18,neutral,0.0,0.0,0.2955388888888889,10,10.0
2026-07-02,7769,鴻勁,sell_avoid,0.0,0,0.6936912266198202,3,7,-16780820.0,56259330.0,0.0,0.3255944444858245,10,448027290.0,2026-07-02,sell,-0.6680674228572103,-0.007691822342178895,-21.9509427204758,10,10.0
2026-07-02,8464,億豐,unclear,15.90967340216801,3,3.347500302836278,6,4,1774130.0,3372680.0,0.0,0.9911084459424531,2,43962250.0,2026-06-26,buy,0.5842342009337557,0.01145755441182931,1.5664949587430124,10,10.0
2026-07-02,9904,寶成,unclear,0.33822230264068204,1,0.6764446052813641,3,7,-2620600.0,5994590.0,0.0,0.9037668754130346,1,49685000.0,2026-06-18,sell,-0.5,0.0,-9.203103684210525,10,10.0
2026-07-02,9945,潤泰新,unclear,0.0,0,0.7958856459590196,5,5,257160.0,5583870.0,0.0,0.0,1,20593050.0,2026-07-01,neutral,0.0,0.09812030075187961,-3.8840090807335486,10,10.0
2026-07-02,總計,,unclear,0.0,0,,0,0,0.0,0.0,,0.0,11,166754744573.0,2026-07-02,neutral,0.0,,,10,10.0
2026-07-02,00403A,主動統一升級50,unclear,0.0,0,,0,0,0.0,0.0,,0.0,1,436900000.0,2026-06-10,neutral,0.0,0.0239043824701195,-1.2086526115815974,15,15.0
2026-07-02,0050,元大台灣50,hedge_suspect,0.0,0,0.5515286918866348,9,6,71938780.0,864940370.0,0.17907642581187416,0.013694837295425095,2,3554000000.0,2026-06-17,sell,-0.7059651097355093,-0.017604095645597315,-4.997621435551491,15,15.0
2026-07-02,00878,國泰永續高股息,unclear,0.0,0,,0,0,0.0,0.0,,0.0,1,899924220.0,2026-06-10,neutral,0.0,0.004430379746835245,-0.046769269528049814,15,15.0
2026-07-02,01010T,京城樂富R1,unclear,0.0,0,,0,0,0.0,0.0,,0.0,2,230007580.0,2026-07-01,neutral,0.0,0.002037066169732317,0.002345903466072371,15,15.0
2026-07-02,1216,統一,unclear,0.33149726690155956,1,0.4515187330866159,7,8,1120960.0,9151260.0,0.0,0.9848376484050922,3,182375300.0,2026-07-01,sell,-0.2658172460854074,-0.04634369659964813,-2.625512528286451,15,15.0
2026-07-02,1301,台塑,unclear,2.1607263796612,1,2.1607263796612,8,7,75058810.0,184223630.0,0.00156288311114052,0.8112793799203433,1,33180910.0,2026-06-23,neutral,0.0,0.15257315842583252,-9.516352622637534,15,15.0
2026-07-02,1303,南亞,unclear,2.735244020280923,3,0.9117480067603076,10,5,220328190.0,697176980.0,0.014640930915418349,0.9417818590761142,2,172877150.0,2026-07-02,neutral,0.0,-0.12360285598228789,27.374433116233117,15,15.0
2026-07-02,1326,台化,lean_buy,8.621786431790063,4,2.155446607947516,11,4,77734980.0,208561590.0,0.021122105944819464,0.964272561307337,2,35820200.0,2026-06-23,neutral,0.0,0.08516350089199942,-36.870130468283264,15,15.0
2026-07-02,1423,利華,unclear,0.0,0,,0,0,0.0,0.0,,0.0,2,75859750.0,2026-06-25,buy,0.5,0.10176052316873126,-0.010633648278566698,15,15.0
2026-07-02,1436,華友聯,unclear,0.0,0,,0,0,0.0,0.0,,0.0,1,134850000.0,2026-07-01,neutral,0.0,0.0,0.037333333333333336,15,15.0
2026-07-02,1466,聚隆,unclear,0.0,0,,0,0,0.0,0.0,,0.0,2,26660950.0,2026-07-02,sell,-0.5,-0.17887333246062684,0.08402426395158463,15,15.0
2026-07-02,1472,三洋實業,unclear,0.0,0,,0,0,0.0,0.0,,0.0,1,456290053.0,2026-06-17,buy,0.5,0.0978021978021979,0.00019943454695471962,15,15.0
2026-07-02,1519,華城,sell_avoid,0.1522085704443311,1,0.3044171408886622,5,10,-20416610.0,167216340.0,0.06221850089530724,0.7606106479926614,2,181707000.0,2026-06-29,sell,-0.5,0.0005796172564651469,-3.500202017533722,15,15.0
2026-07-02,1590,亞德客-KY,lean_buy,3.877364666541678,2,1.292454888847226,9,6,12838460.0,56555100.0,0.0,0.4616935819479355,1,27457500.0,2026-06-10,buy,0.5,0.017509727626459082,0.36690885914595284,15,15.0
2026-07-02,2002,中鋼,unclear,0.0,0,0.44548898114816815,4,11,-2889600.0,19539200.0,0.0,0.10542690223129443,1,96416800.0,2026-06-18,buy,0.5,0.0,6.859949484944533,15,15.0
2026-07-02,2027,大成鋼,sell_avoid,0.0,0,1.621089427916239,5,10,-25899690.0,109839720.0,0.0,0.019046716332902006,1,17399200.0,2026-06-30,sell,-1.0,-0.09789343246592319,-4.425466814566187,15,15.0
2026-07-02,2059,川湖,unclear,3.8105272945939395,4,1.0616360474473578,8,7,8040640.0,332689290.0,0.009078651134215953,0.6896732958275346,2,570238920.0,2026-06-15,neutral,-0.10267569951205716,0.011004966988170897,-0.5193873648610305,15,15.0
2026-07-02,2101,南港,unclear,0.0,0,0.0,1,0,17880.0,30620.0,0.0,0.0,6,701148002.0,2026-06-29,neutral,-0.13389416176358154,-0.004352170134286754,0.058311704923035626,15,15.0
2026-07-02,2106,建大,unclear,0.0,0,,0,0,0.0,0.0,,0.0,1,11979030.0,2026-06-17,neutral,0.0,0.10816901408450708,-0.6363416111321201,15,15.0
2026-07-02,2211,長榮鋼,unclear,0.0,0,0.0,2,2,-38050.0,122870.0,0.0,0.0,1,20871500.0,2026-06-30,sell,-1.0,-0.10010649627263046,-0.5513787844668567,15,15.0
2026-07-02,2301,光寶科,unclear,0.0,0,1.395542422261616,5,10,-17539750.0,372492770.0,0.009116767554978315,0.2764553516414753,6,626681305.0,2026-06-17,neutral,-0.041079927380313346,0.011219475153711508,-29.762073483267542,15,15.0
2026-07-02,2303,聯電,unclear,0.0,0,0.5447821869215741,9,6,233795820.0,1200573150.0,0.016044836584926125,0.016275115789752444,5,8187315500.0,2026-06-26,neutral,0.06607584012122167,0.0,-0.6914763665819401,15,15.0
2026-07-02,2308,台達電,unclear,0.0,0,0.5188180422594808,6,9,-65767480.0,333483480.0,0.016293760638458013,0.26089932789185233,36,8450535850.0,2026-07-02,neutral,-0.2249741533846046,0.003485928755094722,-26.13780259981975,15,15.0
2026-07-02,2317,鴻海,sell_avoid,0.0,0,0.4222416577707852,6,9,-151301910.0,801723310.0,0.02129401725889696,0.004428324850920211,27,5330774589.0,2026-07-02,sell,-0.3755562242551239,0.003687527635830457,-14.0989986561407,15,15.0
2026-07-02,2327,國巨*,unclear,0.0,0,1.001729921159757,9,6,342195110.0,1197230300.0,0.010036556876316946,0.0003612862610002159,19,12951300061.0,2026-07-01,neutral,-0.09886783519562221,0.006503955301413511,-3.6041145726026738,15,15.0
2026-07-02,2330,台積電,unclear,0.0,0,0.8702514972235327,8,7,420848410.0,2557735350.0,0.020862924696255225,0.016261046438068708,132,139664078672.0,2026-07-02,neutral,-0.1288146800384601,-0.0015401467359186301,-7.399859850915238,15,15.0
2026-07-02,2344,華邦電,hedge_suspect,0.0,0,0.6962771147975972,9,6,321498760.0,1336140600.0,0.017319651839035503,0.0,3,960371124.0,2026-07-01,sell,-0.5357549921503054,-0.0011291050152728065,-11.772247157860194,15,15.0
2026-07-02,2345,智邦,lean_buy,8.012000283074242,3,2.6249522317229963,9,6,164576760.0,578052230.0,0.026868748521219267,0.9158929189502036,6,392434428.0,2026-06-26,neutral,0.017415375696854,0.018798677720539055,3.4071778992846165,15,15.0
2026-07-02,2357,華碩,unclear,1.1056941131111593,1,1.1056941131111593,5,10,-39629660.0,144712720.0,0.0867853219813711,0.8793661335047228,2,906950000.0,2026-07-02,neutral,0.0,0.0054553527951281145,-1.6951260014333756,15,15.0
2026-07-02,2360,致茂,unclear,0.0,0,0.7383771367129749,7,8,-8039660.0,29150230.0,0.0004270978307889852,0.0,19,3191380221.0,2026-06-30,neutral,0.20121929276066663,-0.0031284774089000316,2.7663349252172984,15,15.0
2026-07-02,2382,廣達,unclear,0.0,0,,0,0,0.0,0.0,,0.0,5,943621750.0,2026-06-30,neutral,0.1662857972487387,-0.020948536565540077,5.704943299579519,15,15.0
2026-07-02,2383,台光電,hedge_suspect,0.48903264488962395,2,0.36899095532959725,10,5,20823560.0,110362630.0,0.005042558337002298,0.42456851439553955,7,1207380145.0,2026-06-29,sell,-0.3373378970050895,-0.002502281044175593,-5.4573166100888635,15,15.0
2026-07-02,2385,群光,unclear,0.0,0,0.22332310730670868,3,12,-7625140.0,13085170.0,0.0,0.0,2,315750000.0,2026-06-12,buy,0.5,0.07035976313203238,0.010099157561361836,15,15.0
2026-07-02,2395,研華,unclear,7.719545106508648,4,1.6656927097265375,10,5,26380470.0,115189670.0,0.0,0.5618290694370669,8,699533551.0,2026-06-29,neutral,0.15860882704109214,-0.0021744254756216256,2.1625488546438567,15,15.0
2026-07-02,2408,南亞科,hedge_suspect,0.0,0,0.6185084781392897,10,5,400383180.0,1728450070.0,0.024098549748677436,0.0,5,777050757.0,2026-06-29,sell,-0.2654267834398365,0.007696446898693131,5.3688730258839445,15,15.0
2026-07-02,2412,中華電,unclear,0.0,0,0.31638755980861244,5,9,-77000.0,1288800.0,0.0,0.0,1,20093000.0,2026-07-01,sell,-0.5,0.0,-31.47268309859155,15,15.0
2026-07-02,2449,京元電子,sell_avoid,0.1377312045486696,1,1.2274566827158986,7,8,-8024300.0,461147360.0,0.00994090045316534,0.5305085624038265,4,136194686.0,2026-06-30,sell,-0.8877913929769624,-0.04228054222580916,40.034936348397615,15,15.0
2026-07-02,2454,聯發科,unclear,1.9623540902159877,4,0.5122831648470368,9,6,14056520.0,667092960.0,0.016875863897589327,0.42870133322710224,30,33537566107.0,2026-07-02,neutral,-0.042348926886007915,0.005719751742776126,-4.050152235753594,15,15.0
2026-07-02,2461,光群雷,unclear,0.0,0,,0,0,0.0,0.0,,0.0,1,47564500.0,2026-07-01,buy,0.5,0.11143695014662747,-0.026487730345110327,15,15.0
2026-07-02,2481,強茂,unclear,2.141260093379012,3,0.7137533644596707,8,7,9967400.0,237727440.0,0.0006026649679145158,0.8578060260722401,1,19482000.0,2026-06-17,neutral,0.0,-0.01546391752577314,4.854996381275023,15,15.0
2026-07-02,2489,瑞軒,unclear,0.37960239554909814,1,0.37960239554909814,9,6,4982470.0,39872100.0,0.005014032368498273,0.3646689071446353,2,62111400.0,2026-06-17,neutral,0.0,-0.13326413281803365,8.384346801070334,15,15.0
2026-07-02,2504,國產,unclear,0.0,0,,0,0,0.0,0.0,,0.0,1,199485000.0,2026-06-16,buy,0.5,0.1117241379310343,-0.07949323257387773,15,15.0
2026-07-02,2506,太設,unclear,0.0,0,,0,0,0.0,0.0,,0.0,2,12460870.0,2026-06-29,neutral,0.0,0.0,0.037393055220060874,15,15.0
2026-07-02,2528,皇普,unclear,0.0,0,,0,0,0.0,0.0,,0.0,1,21000000.0,2026-07-01,neutral,0.0,-0.06249999999999989,0.65616,15,15.0
2026-07-02,2534,宏盛,unclear,0.0,0,,0,0,0.0,0.0,,0.0,3,53090800.0,2026-06-16,buy,0.5,0.10039922216725057,0.020488916158731812,15,15.0
2026-07-02,2536,宏普,unclear,0.0,0,,0,0,0.0,0.0,,0.0,1,15120000.0,2026-06-22,neutral,0.0,0.12676056338028174,-0.6695469047619048,15,15.0
2026-07-02,2603,長榮,unclear,0.0,0,0.5848968213308225,6,9,-26122480.0,121976640.0,0.0006584867397560713,0.07497109895009292,4,163178960.0,2026-06-22,neutral,0.1993783389721322,-0.003769604570843581,3.3309326092040297,15,15.0
2026-07-02,2610,華航,lean_buy,1.2492436482044054,1,0.8328290988029369,8,7,20266440.0,116758430.0,0.0,0.9170677423841981,1,59400000.0,2026-06-18,buy,0.5,0.0,7.194652962962963,15,15.0
2026-07-02,2633,台灣高鐵,unclear,0.0,0,0.0,2,4,-44310.0,718450.0,0.0,0.0,1,20553900.0,2026-06-18,neutral,0.0,0.0,-0.03249745547073791,15,15.0
2026-07-02,2812,台中銀,unclear,0.0,0,,0,0,0.0,0.0,,0.0,1,29700000.0,2026-06-18,sell,-0.5,0.0,-1.019846,15,15.0
2026-07-02,2816,旺旺保,unclear,0.0,0,,0,0,0.0,0.0,,0.0,1,15159300.0,2026-06-15,sell,-0.5,-0.11538461538461531,-0.022296544035674472,15,15.0
2026-07-02,2834,臺企銀,unclear,0.9885923334057126,1,0.5126159200390468,7,8,-4930200.0,8150540.0,0.0,1.0,2,114025000.0,2026-06-29,buy,0.9285244463933348,0.07814896696548279,2.9011318938829205,15,15.0
2026-07-02,2845,遠東銀,unclear,0.0,0,,0,0,0.0,0.0,,0.0,1,140290701.0,2026-07-02,sell,-0.5,-0.020000000000000018,0.30519128990595035,15,15.0
2026-07-02,2881,富邦金,unclear,0.0,0,0.6205997219752162,7,8,1966060.0,111312750.0,0.0,0.0,6,3233630850.0,2026-07-01,buy,0.27472490405019484,0.012351694023539434,0.77534271560404,15,15.0
2026-07-02,2882,國泰金,unclear,0.0,0,0.26998754642909756,7,8,-4559760.0,144399740.0,0.025348383591272394,0.07245338025843706,3,4181750900.0,2026-07-01,neutral,-0.24272129647894616,0.0002637474173796437,-0.5678691869235922,15,15.0
2026-07-02,2882A,國泰特,unclear,0.0,0,,0,0,0.0,0.0,,0.0,4,144438000.0,2026-06-29,neutral,0.0,-0.0020122177468216147,-0.005000772553524524,15,15.0
2026-07-02,2883,凱基金,unclear,0.0,0,0.3823144522969665,6,9,3135920.0,129707950.0,0.0,0.06378649329379506,7,414365595.0,2026-07-01,buy,0.4364341228667887,-0.021323695280752827,4.814853655863971,15,15.0
2026-07-02,2885,元大金,hedge_suspect,0.03362605530928663,2,0.04634279694355172,9,6,4100680.0,26002380.0,0.0,0.6054327808471455,3,60696340.0,2026-07-01,sell,-0.6372030010376244,-0.004738490311400699,-22.665585695941466,15,15.0
2026-07-02,2886,兆豐金,lean_buy,0.0,0,0.7216508305785859,8,7,206140.0,13890340.0,0.0,0.0,7,164971880.0,2026-07-01,buy,0.4435311036038384,0.0014198984206720954,9.256393526278538,15,15.0
2026-07-02,2887,台新新光金,lean_buy,0.0,0,0.4935705084566821,8,7,31803290.0,94885750.0,0.0,0.10694264649506359,2,71401250.0,2026-07-01,buy,0.7985942122861994,0.010865963154038842,7.405374494144009,15,15.0
2026-07-02,2887H,台新新光庚特二,unclear,0.0,0,,0,0,0.0,0.0,,0.0,2,146907300.0,2026-07-02,neutral,-0.14110633031850697,-0.021094489483640698,,15,15.0
2026-07-02,2890,永豐金,lean_buy,0.0,0,0.46428229195661397,8,7,11267580.0,36301880.0,0.0,0.0,4,175776700.0,2026-07-01,buy,0.27630709872241316,-0.06192926867049518,14.41731686765083,15,15.0
2026-07-02,2891,中信金,unclear,0.0,0,0.48093355673606164,6,9,4592440.0,40007120.0,0.0,0.12229690735648573,15,540350361.0,2026-07-02,neutral,0.16536209087496104,0.0010111336263392702,0.33048139316409214,15,15.0
2026-07-02,2912,統一超,unclear,0.0,0,,0,0,0.0,0.0,,0.0,1,20235690.0,2026-06-18,sell,-0.5,0.0,-33.449966865473826,15,15.0
2026-07-02,3008,大立光,lean_buy,0.0,0,0.4305534841031134,8,7,167747350.0,818722360.0,0.011067085061656311,0.07272932968794192,1,262322580.0,2026-06-17,buy,0.5,-0.00027599611273076974,15.120761506691494,15,15.0
2026-07-02,3016,嘉晶,unclear,1.2082192745818248,1,1.2082192745818248,8,7,5731020.0,75191510.0,0.030670483941604577,0.985190633591518,1,1674750000.0,2026-06-29,neutral,0.0,-0.04938271604938271,1.0097446215853112,15,15.0
2026-07-02,3017,奇鋐,lean_buy,10.599577484919223,3,2.980280070450251,7,8,159647300.0,731440390.0,0.02407456607639619,0.9660437965287625,7,681081144.0,2026-06-29,neutral,0.18552364591670445,0.0064161075918554595,3.651964082270937,15,15.0
2026-07-02,3022,威強電,unclear,7.651665711024256,3,2.5505552370080853,7,8,-2327350.0,18808110.0,0.0,0.5522936612368983,1,150122700.0,2026-06-23,neutral,0.0,0.0,0.07859956355701038,15,15.0
2026-07-02,3034,聯詠,lean_buy,0.0,0,0.6038287889119522,10,5,66000420.0,299456630.0,0.0031164446083561414,0.2858425962189879,4,751160660.0,2026-06-29,buy,0.2717146156189809,-0.055833590924404035,1.8363953418433814,15,15.0
2026-07-02,3036,文曄,unclear,0.7285424399450223,1,0.8225179289578988,4,11,-34931510.0,111756680.0,0.004834073453148393,0.8249494552784277,8,3065860000.0,2026-06-23,neutral,-0.11425342318305468,0.006874758617734122,-1.3294248975817553,15,15.0
2026-07-02,3037,欣興,unclear,0.0,0,0.7927997908652948,8,7,-9570110.0,180244060.0,0.002306039932744524,0.014519675823298871,7,2118972100.0,2026-07-02,buy,0.41184013701737743,0.02602839223928967,0.5648355870282578,15,15.0
2026-07-02,3044,健鼎,unclear,0.0,0,0.4674018690649903,7,8,35399330.0,130202550.0,0.001768398545189783,0.008751379157173767,8,682600719.0,2026-07-01,neutral,0.12812399484155831,0.011771288800058902,-1.2472355182210115,15,15.0
2026-07-02,3231,緯創,unclear,0.0,0,0.7510489648698058,8,7,-1345480.0,242879450.0,0.007372052267081468,0.013828886606588363,2,144651250.0,2026-06-30,buy,0.26701722245746234,0.0011201095074160426,0.9554548128688829,15,15.0
2026-07-02,3311,閎暉,unclear,0.0,0,,0,0,0.0,0.0,,0.0,1,22461250.0,2026-06-25,neutral,0.0,0.0,0.046650420168067225,15,15.0
2026-07-02,3376,新日興,unclear,0.0,0,0.23053178635437144,3,12,-48414560.0,120326060.0,0.018875628438261835,0.000270143397429652,1,16623600.0,2026-06-26,neutral,0.0,0.017480719794344513,-39.21185802112659,15,15.0
2026-07-02,3443,創意,hedge_suspect,3.2764252305657164,3,2.184283487043811,7,8,15777190.0,65977520.0,0.002556325245325984,0.9989868380010883,1,132600000.0,2026-06-26,sell,-0.5,0.0,-8.087133333333334,15,15.0
2026-07-02,3481,群創,hedge_suspect,0.0,0,0.4146973015428225,10,5,158861790.0,665200700.0,0.013271498361321628,0.3055351557060876,1,34075400.0,2026-06-24,sell,-0.5,0.0,-41.076054989816704,15,15.0
2026-07-02,3533,嘉澤,unclear,2.4176671374764593,2,1.2088335687382297,8,7,-21893670.0,197130610.0,0.0032377518641067463,0.3911959526358306,2,51708840.0,2026-06-30,neutral,0.0,0.006073744630174377,-5.195781417645416,15,15.0
2026-07-02,3653,健策,unclear,1.0319648913104853,1,1.374375738048502,7,8,-6935080.0,44886590.0,0.40796148693852663,0.7116081000188913,3,401507500.0,2026-06-24,neutral,-0.24913918170893445,0.019070823675007325,-8.028458546851553,15,15.0
2026-07-02,3661,世芯-KY,hedge_suspect,9.808346148659334,4,4.269852989944847,9,6,330749410.0,812433040.0,0.021960123630619454,0.9373066131973264,10,4810297320.0,2026-06-29,sell,-0.42572108619680915,-0.011157006494120504,-1.538764480154836,15,15.0
2026-07-02,3665,貿聯-KY,unclear,0.0,0,1.4557408690762752,5,8,-39816420.0,304218290.0,0.0141141086553343,0.262670398360126,2,102190000.0,2026-07-02,neutral,0.10710441334768568,-0.0062593659638236565,3.36308445053332,15,15.0
2026-07-02,3702,大聯大,sell_avoid,0.0,0,0.7328747810759383,6,9,-7844160.0,41318220.0,0.0,0.0041331580405313305,1,111280000.0,2026-06-25,sell,-0.5,0.0,-1.859375,15,15.0
2026-07-02,3711,日月光投控,unclear,8.134520539496801,3,1.9086341433078873,7,8,86620310.0,653904680.0,0.020693107747753084,0.954400568375434,19,2638487182.0,2026-07-02,buy,0.42065301304920266,-0.0016619768365375698,18.77643517731518,15,15.0
2026-07-02,4722,國精化,unclear,0.0,0,0.939717976805244,7,8,30644120.0,89622940.0,0.020521420073923036,0.08780615454559872,1,164320000.0,2026-07-01,buy,0.5,0.147005444646098,-0.21299107534079845,15,15.0
2026-07-02,4763,材料*-KY,unclear,14.479178221405965,2,3.619794555351491,7,8,11023170.0,56486420.0,0.0,0.9939170461249381,1,20250000.0,2026-06-12,buy,1.0,0.01237345331833506,3.8549564320987653,15,15.0
2026-07-02,4904,遠傳,unclear,0.0,0,,0,0,0.0,0.0,,0.0,2,62955940.0,2026-06-12,buy,0.5,0.004482497243674539,11.43959518355218,15,15.0
2026-07-02,4919,新唐,hedge_suspect,0.16817151616818818,1,0.5643187009925588,8,7,14063980.0,66806480.0,0.0,0.9246970246507498,4,784257589.0,2026-06-18,sell,-0.7019919491018148,-0.013179056373748688,-0.7369674729408324,15,15.0
2026-07-02,4958,臻鼎-KY,unclear,0.0,0,0.5125455731290313,8,7,146871230.0,1040124990.0,0.010886691608092216,0.041877174491233286,4,1703488000.0,2026-06-24,neutral,-0.10337202257955443,-0.0017335816360424356,-0.5282221530178082,15,15.0
2026-07-02,5007,三星,unclear,0.0,0,,0,0,0.0,0.0,,0.0,1,40600000.0,2026-06-18,buy,0.5,0.03571428571428581,-0.010344827586206896,15,15.0
2026-07-02,5434,崇越,unclear,0.24873926804951943,1,0.24873926804951943,8,7,1910250.0,9082650.0,0.0,0.7626274418242664,2,50094340.0,2026-06-25,neutral,0.0,-0.0080328711984248,6.410958403683929,15,15.0
2026-07-02,5538,東明-KY,unclear,0.0,0,,0,0,0.0,0.0,,0.0,1,41570100.0,2026-06-22,neutral,0.0,0.0,0.0031080031080031076,15,15.0
2026-07-02,5871,中租-KY,unclear,0.3185548133328812,1,0.21236987555525413,6,9,-2779320.0,9390360.0,0.0,1.0,1,152045000.0,2026-06-30,buy,0.5,0.0,0.7717751159196291,15,15.0
2026-07-02,5876,上海商銀,unclear,0.0,0,,0,0,0.0,0.0,,0.0,1,15012436.0,2026-07-02,neutral,0.0,0.044205495818399054,-6.245016734792408,15,15.0
2026-07-02,6214,精誠,unclear,1.8322963649653254,1,1.8322963649653254,6,9,-2587530.0,12014060.0,0.0,0.8270561106840891,3,46255000.0,2026-06-22,neutral,0.0,0.08851408030131293,-9.643721089611933,15,15.0
2026-07-02,6239,力成,unclear,0.0,0,0.7450508193044011,5,10,-97796030.0,588506440.0,0.008118008020438995,0.017293612558581587,1,55639230.0,2026-06-12,neutral,0.0,0.01982733812949644,-43.89094412341795,15,15.0
2026-07-02,6285,啟碁,unclear,0.7006955893383539,1,0.3503477946691769,7,8,-80547030.0,437660430.0,0.034880443726658134,0.8340215108407809,1,19475000.0,2026-06-29,buy,1.0,0.006355932203389925,1.3286648523748394,15,15.0
2026-07-02,6415,矽力*-KY,lean_buy,0.8151042890866913,1,0.40755214454334565,9,6,15643560.0,89096410.0,1.492764972236255e-05,0.4565222842413027,1,20996920.0,2026-06-23,buy,1.0,0.05010852713178293,40.69797475058247,15,15.0
2026-07-02,6442,光聖,unclear,2.180283757338552,1,1.453522504892368,6,9,-1203570.0,10888380.0,0.0,0.6480982834062605,1,299150000.0,2026-06-10,buy,0.5,0.021164021164021163,0.005831422363362862,15,15.0
2026-07-02,6446,藥華藥,unclear,0.0,0,,0,0,0.0,0.0,,0.0,2,51969777.0,2026-06-25,neutral,0.0,-0.011605606625001432,16.123210611429023,15,15.0
2026-07-02,6464,台數科,unclear,0.0,0,,0,0,0.0,0.0,,0.0,1,32292000.0,2026-06-30,neutral,0.0,0.0,0.004830917874396135,15,15.0
2026-07-02,6669,緯穎,lean_buy,10.316821482194861,4,2.5792053705487152,7,8,105730180.0,683490940.0,0.01744391813006329,0.9539123628322211,2,763003260.0,2026-07-01,neutral,0.0,0.008413737158228617,-0.6595957335752406,15,15.0
2026-07-02,6770,力積電,sell_avoid,0.0,0,0.9862114952222378,6,9,-164725300.0,453544990.0,0.02723835622128689,0.09588746736034363,8,1390290100.0,2026-06-25,sell,-0.34863069225624205,-0.036314882833513286,-8.85644445961314,15,15.0
2026-07-02,6805,富世達,sell_avoid,0.0,0,1.4049474418639116,5,10,-34153710.0,186457500.0,2.0111821728812197e-05,0.0031012279441401448,1,31358160.0,2026-06-15,sell,-0.5,0.004103746397694508,-61.55677549320496,15,15.0
2026-07-02,6902,GOGOLOOK,unclear,0.0,0,,0,0,0.0,0.0,,0.0,1,586560000.0,2026-06-22,sell,-0.5,-0.08045977011494254,-0.004882625818330605,15,15.0
2026-07-02,6918,愛派司,unclear,0.0,0,,0,0,0.0,0.0,,0.0,1,15300000.0,2026-06-30,buy,0.5,0.03734439834024905,-0.023627450980392158,15,15.0
2026-07-02,6994,富威電力,unclear,0.0,0,0.9151193633952255,6,2,3520.0,33270.0,0.0,0.0,7,271716000.0,2026-06-30,sell,-0.280771099235967,-0.0689786285343475,0.24582710477115813,15,15.0
2026-07-02,7610,聯友金屬-創,unclear,0.0,0,,0,0,0.0,0.0,,0.0,1,833400000.0,2026-06-18,neutral,0.0,0.0,0.2955388888888889,15,15.0
2026-07-02,7769,鴻勁,sell_avoid,0.0,0,0.6936912266198202,6,9,-13201980.0,76181330.0,0.0,0.3255944444858245,13,541598600.0,2026-07-02,sell,-0.5526462531476263,-0.008518549567707775,-15.708707832701192,15,15.0
2026-07-02,8213,志超,unclear,0.0,0,0.3013698630136986,1,3,-15130.0,121370.0,0.0,0.0,1,111000000.0,2026-06-16,buy,0.5,0.02351313969571245,-0.047646351351351354,15,15.0
2026-07-02,8464,億豐,unclear,15.90967340216801,3,3.347500302836278,9,6,2103550.0,4731930.0,0.0,0.9911084459424531,2,43962250.0,2026-06-26,buy,0.5842342009337557,0.01145755441182931,1.5664949587430124,15,15.0
2026-07-02,9904,寶成,unclear,0.33822230264068204,1,0.6764446052813641,4,11,-3703320.0,8471490.0,0.0,0.9037668754130346,1,49685000.0,2026-06-18,sell,-0.5,0.0,-9.203103684210525,15,15.0
2026-07-02,9945,潤泰新,unclear,0.0,0,0.7958856459590196,8,7,2491080.0,13377740.0,0.0,0.0,1,20593050.0,2026-07-01,neutral,0.0,0.09812030075187961,-3.8840090807335486,15,15.0
2026-07-02,總計,,unclear,0.0,0,,0,0,0.0,0.0,,0.0,16,262363713104.0,2026-07-02,neutral,0.0,,,15,15.0
2026-07-02,00403A,主動統一升級50,unclear,0.0,0,,0,0,0.0,0.0,,0.0,3,1060275000.0,2026-06-10,sell,-0.40605031713470563,-0.005614314291620832,0.5630352428190799,20,20.0
2026-07-02,0050,元大台灣50,hedge_suspect,0.0,0,0.5515286918866348,11,9,13211630.0,1078883780.0,0.20079266554549555,0.013694837295425095,7,62565500000.0,2026-06-17,sell,-0.7642210962910869,-0.016522447167550434,-1.0701557615083392,20,20.0
2026-07-02,00878,國泰永續高股息,unclear,0.0,0,,0,0,0.0,0.0,,0.0,3,2181247320.0,2026-06-10,neutral,0.0,-0.012342524170656408,0.9533623715214468,20,20.0
2026-07-02,00918,大華優利高填息30,unclear,0.0,0,,0,0,0.0,0.0,,0.0,1,17015000.0,2026-06-08,neutral,0.0,0.1492738939547451,-136.56412698971496,20,20.0
2026-07-02,00919,群益台灣精選高息,unclear,0.0,0,0.9173223920863309,6,9,88110.0,7347200.0,0.03324940113240418,0.0,1,16865000.0,2026-06-08,neutral,0.0,0.14416553595658055,-158.32757438244886,20,20.0
2026-07-02,01010T,京城樂富R1,unclear,0.0,0,,0,0,0.0,0.0,,0.0,2,230007580.0,2026-07-01,neutral,0.0,0.002037066169732317,0.002345903466072371,20,20.0
2026-07-02,1216,統一,sell_avoid,0.33149726690155956,1,0.4515187330866159,9,11,997190.0,13267150.0,0.0,0.9848376484050922,3,182375300.0,2026-07-01,sell,-0.2658172460854074,-0.04634369659964813,-2.625512528286451,20,20.0
2026-07-02,1301,台塑,unclear,2.1607263796612,1,2.1607263796612,9,11,76665640.0,229218810.0,0.002055197826042287,0.8112793799203433,1,33180910.0,2026-06-23,neutral,0.0,0.15257315842583252,-9.516352622637534,20,20.0
2026-07-02,1303,南亞,unclear,2.735244020280923,3,0.9117480067603076,12,8,172889360.0,876515630.0,0.012744849741013746,0.9417818590761142,2,172877150.0,2026-07-02,neutral,0.0,-0.12360285598228789,27.374433116233117,20,20.0
2026-07-02,1326,台化,lean_buy,8.621786431790063,4,2.155446607947516,12,8,77815970.0,266413090.0,0.016954872600291524,0.964272561307337,2,35820200.0,2026-06-23,neutral,0.0,0.08516350089199942,-36.870130468283264,20,20.0
2026-07-02,1423,利華,unclear,0.0,0,,0,0,0.0,0.0,,0.0,2,75859750.0,2026-06-25,buy,0.5,0.10176052316873126,-0.010633648278566698,20,20.0
2026-07-02,1436,華友聯,unclear,0.0,0,,0,0,0.0,0.0,,0.0,1,134850000.0,2026-07-01,neutral,0.0,0.0,0.037333333333333336,20,20.0
2026-07-02,1466,聚隆,unclear,0.0,0,,0,0,0.0,0.0,,0.0,2,26660950.0,2026-07-02,sell,-0.5,-0.17887333246062684,0.08402426395158463,20,20.0
2026-07-02,1472,三洋實業,unclear,0.0,0,,0,0,0.0,0.0,,0.0,1,456290053.0,2026-06-17,buy,0.5,0.0978021978021979,0.00019943454695471962,20,20.0
2026-07-02,1519,華城,sell_avoid,0.1522085704443311,1,0.3044171408886622,7,13,-51425200.0,347749020.0,0.03908755803251437,0.7606106479926614,2,181707000.0,2026-06-29,sell,-0.5,0.0005796172564651469,-3.500202017533722,20,20.0
2026-07-02,1590,亞德客-KY,unclear,2.384352686880354,2,1.292454888847226,11,9,11486220.0,78022480.0,0.0,0.4616935819479355,10,360751612.0,2026-06-10,neutral,-0.07758765607400807,-0.0037547727311197437,1.7293654393982305,20,20.0
2026-07-02,2002,中鋼,unclear,0.0,0,0.44548898114816815,5,15,-5082460.0,36420480.0,0.0,0.10542690223129443,1,96416800.0,2026-06-18,buy,0.5,0.0,6.859949484944533,20,20.0
2026-07-02,2027,大成鋼,sell_avoid,0.0,0,1.621089427916239,8,12,-16989450.0,165280410.0,0.0,0.019046716332902006,1,17399200.0,2026-06-30,sell,-1.0,-0.09789343246592319,-4.425466814566187,20,20.0
2026-07-02,2059,川湖,unclear,3.9072230528447327,4,1.0616360474473578,13,7,166770340.0,541068060.0,0.007176509365568538,0.6896732958275346,3,732738920.0,2026-06-15,neutral,-0.0799052410099903,-0.0010636247224487588,0.9556619498251847,20,20.0
2026-07-02,2101,南港,unclear,0.0,0,0.0,1,1,17380.0,33080.0,0.0,0.0,6,701148002.0,2026-06-29,neutral,-0.13389416176358154,-0.004352170134286754,0.058311704923035626,20,20.0
2026-07-02,2106,建大,unclear,0.0,0,,0,0,0.0,0.0,,0.0,1,11979030.0,2026-06-17,neutral,0.0,0.10816901408450708,-0.6363416111321201,20,20.0
2026-07-02,2211,長榮鋼,unclear,0.0,0,0.0,5,4,23080.0,309270.0,0.0,0.0,1,20871500.0,2026-06-30,sell,-1.0,-0.10010649627263046,-0.5513787844668567,20,20.0
2026-07-02,2301,光寶科,unclear,0.0,0,1.395542422261616,8,12,36729420.0,570834450.0,0.007805730715796848,0.2764553516414753,7,760782805.0,2026-06-17,neutral,-0.12197275213127352,0.009438570556837928,-25.092424587593037,20,20.0
2026-07-02,2303,聯電,unclear,0.0,0,0.5447821869215741,11,9,176744740.0,1500347180.0,0.02276128515801256,0.016275115789752444,8,8575231300.0,2026-06-26,neutral,0.06639144532462932,0.0002629132217109963,-0.5345610157477618,20,20.0
2026-07-02,2308,台達電,unclear,0.0,0,0.5188180422594808,8,12,-82284070.0,493551630.0,0.01342919280805536,0.26089932789185233,55,15519342640.0,2026-07-02,neutral,-0.15556563064580936,0.003097010795501327,-16.518400056408574,20,20.0
2026-07-02,2317,鴻海,sell_avoid,0.0,0,0.4222416577707852,8,12,-196970660.0,1549961210.0,0.014754440209506921,0.004428324850920211,33,5928852089.0,2026-07-02,sell,-0.3858241515662139,0.0032764030254912174,-14.500201556132968,20,20.0
2026-07-02,2327,國巨*,unclear,0.0,0,1.001729921159757,12,8,349236190.0,1499825730.0,0.010713978083307051,0.0003612862610002159,23,14609234313.0,2026-07-01,neutral,-0.17745900493176656,0.0039914864525186925,-5.3705353698231155,20,20.0
2026-07-02,2330,台積電,unclear,0.0,0,0.8702514972235327,10,10,134337460.0,3434852480.0,0.02148731872176356,0.016261046438068708,153,178265579515.0,2026-07-02,neutral,-0.1569524410636194,-0.0007774390167094805,-7.944347810429858,20,20.0
2026-07-02,2344,華邦電,hedge_suspect,0.0,0,0.6962771147975972,11,9,213427800.0,1677482370.0,0.01802626992735548,0.0,3,960371124.0,2026-07-01,sell,-0.5357549921503054,-0.0011291050152728065,-11.772247157860194,20,20.0
2026-07-02,2345,智邦,lean_buy,6.523840371393163,3,2.6249522317229963,11,9,179255450.0,699278500.0,0.027725434143906897,0.9158929189502036,9,1387019388.0,2026-06-26,neutral,-0.1715607503822434,-9.17163649924117e-06,-0.947539080109816,20,20.0
2026-07-02,2357,華碩,unclear,1.0638194534554481,1,1.1056941131111593,6,14,-75960740.0,243154310.0,0.05650350182976399,0.8793661335047228,4,942649876.0,2026-07-02,neutral,-0.03787183015552638,0.004933019586994446,-3.435683395772281,20,20.0
2026-07-02,2360,致茂,unclear,0.0,0,0.7383771367129749,9,11,-11027070.0,43263380.0,0.00035942637861396867,0.0,24,3874219221.0,2026-06-30,neutral,0.24389863275627996,-0.0025708265102930574,2.6280983326420806,20,20.0
2026-07-02,2368,金像電,sell_avoid,2.8099214416422655,3,1.8732809610948438,9,11,-5161560.0,674226240.0,0.03592751002986772,0.466219797752478,1,30512460.0,2026-06-03,sell,-0.5,0.0013935018050541537,-25.239328949550448,20,20.0
2026-07-02,2382,廣達,unclear,0.0,0,,0,0,0.0,0.0,,0.0,9,1790811808.0,2026-06-30,neutral,0.22425636865132845,-0.012944087334247227,4.6355385772059865,20,20.0
2026-07-02,2383,台光電,unclear,0.7796209371773072,2,0.36899095532959725,12,8,22766390.0,137903160.0,0.00673617631387127,0.42456851439553955,9,1729090675.0,2026-06-29,neutral,0.05642282814346911,0.001116990598566632,-3.453432955446365,20,20.0
2026-07-02,2385,群光,unclear,0.0,0,0.22332310730670868,6,14,-6982840.0,18360480.0,0.0,0.0,2,315750000.0,2026-06-12,buy,0.5,0.07035976313203238,0.010099157561361836,20,20.0
2026-07-02,2395,研華,unclear,7.683426442633229,4,1.6656927097265375,12,8,15811180.0,167480700.0,0.0,0.5618290694370669,9,724288441.0,2026-06-29,neutral,0.15318785958645445,-0.0023870788532008207,2.3045446689656615,20,20.0
2026-07-02,2408,南亞科,sell_avoid,0.0,0,0.6185084781392897,11,9,-125202590.0,2507807400.0,0.021864494059631534,0.0,6,1089495757.0,2026-06-29,sell,-0.3326975627680209,0.005852276016564424,-1.1378865480060782,20,20.0
2026-07-02,2412,中華電,unclear,0.0,0,0.31638755980861244,7,12,-631570.0,3176470.0,0.0,0.0,1,20093000.0,2026-07-01,sell,-0.5,0.0,-31.47268309859155,20,20.0
2026-07-02,2449,京元電子,sell_avoid,0.12157561222315341,1,1.2274566827158986,10,10,15601260.0,637241800.0,0.009559354078781399,0.5305085624038265,5,154292936.0,2026-06-30,sell,-0.9009532361222292,-0.03836334757809198,20.219436756975057,20,20.0
2026-07-02,2454,聯發科,unclear,1.879183041505372,4,0.5122831648470368,11,9,-40044320.0,962011820.0,0.021794867343729728,0.42870133322710224,49,47336472515.0,2026-07-02,neutral,-0.08293734283339216,0.0069330125328341645,-3.768378436806298,20,20.0
2026-07-02,2461,光群雷,unclear,0.0,0,,0,0,0.0,0.0,,0.0,1,47564500.0,2026-07-01,buy,0.5,0.11143695014662747,-0.026487730345110327,20,20.0
2026-07-02,2467,志聖,lean_buy,11.522892173799363,3,5.335192179396131,10,10,59025820.0,133715460.0,0.0,0.9029518228109654,2,535445000.0,2026-06-05,neutral,-0.2318071884133758,0.0,-0.5865203335543333,20,20.0
2026-07-02,2481,強茂,unclear,2.141260093379012,3,0.7137533644596707,11,9,38404200.0,346503100.0,0.0004134739342880338,0.8578060260722401,1,19482000.0,2026-06-17,neutral,0.0,-0.01546391752577314,4.854996381275023,20,20.0
2026-07-02,2489,瑞軒,unclear,0.37960239554909814,1,0.37960239554909814,11,9,5430250.0,43882480.0,0.004612774847729663,0.3646689071446353,2,62111400.0,2026-06-17,neutral,0.0,-0.13326413281803365,8.384346801070334,20,20.0
2026-07-02,2491,吉祥全,unclear,0.0,0,,0,0,0.0,0.0,,0.0,1,38847000.0,2026-06-09,sell,-0.5,-0.094855305466238,0.006403011815584216,20,20.0
2026-07-02,2504,國產,unclear,0.0,0,,0,0,0.0,0.0,,0.0,1,199485000.0,2026-06-16,buy,0.5,0.1117241379310343,-0.07949323257387773,20,20.0
2026-07-02,2506,太設,unclear,0.0,0,,0,0,0.0,0.0,,0.0,2,12460870.0,2026-06-29,neutral,0.0,0.0,0.037393055220060874,20,20.0
2026-07-02,2528,皇普,unclear,0.0,0,,0,0,0.0,0.0,,0.0,1,21000000.0,2026-07-01,neutral,0.0,-0.06249999999999989,0.65616,20,20.0
2026-07-02,2534,宏盛,unclear,0.0,0,,0,0,0.0,0.0,,0.0,5,140408800.0,2026-06-16,buy,0.5,0.09757230718782987,0.011208710565149757,20,20.0
2026-07-02,2536,宏普,unclear,0.0,0,,0,0,0.0,0.0,,0.0,1,15120000.0,2026-06-22,neutral,0.0,0.12676056338028174,-0.6695469047619048,20,20.0
2026-07-02,2603,長榮,unclear,0.0,0,0.5848968213308225,8,12,-14568530.0,216419640.0,0.0012996509928581343,0.07497109895009292,4,163178960.0,2026-06-22,neutral,0.1993783389721322,-0.003769604570843581,3.3309326092040297,20,20.0
2026-07-02,2610,華航,unclear,0.8780567898514782,1,0.8328290988029369,10,10,24101030.0,129453810.0,0.0,0.9170677423841981,2,546900000.0,2026-06-18,neutral,0.05430608886450905,0.0,0.8355512817699763,20,20.0
2026-07-02,2633,台灣高鐵,unclear,0.0,0,0.0,4,6,92320.0,964330.0,0.0,0.0,1,20553900.0,2026-06-18,neutral,0.0,0.0,-0.03249745547073791,20,20.0
2026-07-02,2812,台中銀,unclear,0.0,0,,0,0,0.0,0.0,,0.0,1,29700000.0,2026-06-18,sell,-0.5,0.0,-1.019846,20,20.0
2026-07-02,2816,旺旺保,unclear,0.0,0,,0,0,0.0,0.0,,0.0,1,15159300.0,2026-06-15,sell,-0.5,-0.11538461538461531,-0.022296544035674472,20,20.0
2026-07-02,2834,臺企銀,unclear,0.9527879438357546,1,0.5126159200390468,10,10,-1393110.0,12182990.0,0.0,1.0,3,123300000.0,2026-06-29,buy,0.8586780210867803,0.08187330503998919,0.728902112327656,20,20.0
2026-07-02,2845,遠東銀,unclear,0.0,0,,0,0,0.0,0.0,,0.0,1,140290701.0,2026-07-02,sell,-0.5,-0.020000000000000018,0.30519128990595035,20,20.0
2026-07-02,2881,富邦金,unclear,0.0,0,0.6205997219752162,10,10,24708410.0,164061940.0,0.0,0.0,6,3233630850.0,2026-07-01,buy,0.27472490405019484,0.012351694023539434,0.77534271560404,20,20.0
2026-07-02,2882,國泰金,unclear,0.0,0,0.26998754642909756,11,9,33782830.0,202244850.0,0.018825745130222105,0.07245338025843706,3,4181750900.0,2026-07-01,neutral,-0.24272129647894616,0.0002637474173796437,-0.5678691869235922,20,20.0
2026-07-02,2882A,國泰特,unclear,0.0,0,,0,0,0.0,0.0,,0.0,4,144438000.0,2026-06-29,neutral,0.0,-0.0020122177468216147,-0.005000772553524524,20,20.0
2026-07-02,2883,凱基金,unclear,0.0,0,0.3823144522969665,10,10,49745780.0,192271890.0,0.0,0.06378649329379506,9,485640595.0,2026-07-01,buy,0.43106628061025254,-0.014872741650529143,5.010731871580876,20,20.0
2026-07-02,2884,玉山金,unclear,4.535691445240618,1,5.263769437393726,11,9,13879810.0,24698120.0,0.0,0.9997659159591477,2,91816960.0,2026-06-08,neutral,-0.09286171095187642,-0.07098787530294065,-1.2757855574830619,20,20.0
2026-07-02,2885,元大金,hedge_suspect,0.058614515972076696,2,0.04634279694355172,13,7,26169790.0,51556800.0,0.0,0.6054327808471455,4,105212340.0,2026-07-01,sell,-0.3675984204894597,0.06414448135050045,-14.556017836881109,20,20.0
2026-07-02,2886,兆豐金,unclear,0.0,0,0.7216508305785859,10,10,812030.0,17661340.0,0.0,0.0,7,164971880.0,2026-07-01,buy,0.4435311036038384,0.0014198984206720954,9.256393526278538,20,20.0
2026-07-02,2887,台新新光金,unclear,0.0,0,0.4935705084566821,11,9,51992070.0,140610270.0,0.0,0.10694264649506359,9,466325367.0,2026-07-01,neutral,0.08513140461432371,-0.005721062351577019,8.942821692348552,20,20.0
2026-07-02,2887H,台新新光庚特二,unclear,0.0,0,,0,0,0.0,0.0,,0.0,2,146907300.0,2026-07-02,neutral,-0.14110633031850697,-0.021094489483640698,,20,20.0
2026-07-02,2889,國票金,unclear,0.0,0,,0,0,0.0,0.0,,0.0,1,48217750.0,2026-06-08,sell,-0.5,0.003401360544217802,-0.5688689870431531,20,20.0
2026-07-02,2890,永豐金,unclear,0.0,0,0.46428229195661397,11,9,20598110.0,56409420.0,0.0,0.0,9,340388450.0,2026-07-01,neutral,0.20605384818433176,-0.031474515751240835,24.639386872997598,20,20.0
2026-07-02,2891,中信金,unclear,0.0,0,0.48093355673606164,8,12,17387190.0,74180580.0,0.0,0.12229690735648573,15,540350361.0,2026-07-02,neutral,0.16536209087496104,0.0010111336263392702,0.33048139316409214,20,20.0
2026-07-02,2912,統一超,unclear,0.0,0,,0,0,0.0,0.0,,0.0,1,20235690.0,2026-06-18,sell,-0.5,0.0,-33.449966865473826,20,20.0
2026-07-02,3008,大立光,unclear,0.0,0,0.4305534841031134,10,10,190447240.0,1020303760.0,0.010602969844980284,0.07272932968794192,2,410457580.0,2026-06-17,neutral,-0.04135314056083457,-0.023223125500073095,8.032140251862325,20,20.0
2026-07-02,3016,嘉晶,unclear,1.2082192745818248,1,1.2082192745818248,9,11,-5217770.0,104656610.0,0.0240097591542474,0.985190633591518,1,1674750000.0,2026-06-29,neutral,0.0,-0.04938271604938271,1.0097446215853112,20,20.0
2026-07-02,3017,奇鋐,lean_buy,10.320261511775254,3,2.980280070450251,8,12,92779220.0,1101928490.0,0.018635773724300385,0.9660437965287625,8,713601144.0,2026-06-29,neutral,0.15428318455722656,0.006123714816645531,-0.8292604629008274,20,20.0
2026-07-02,3022,威強電,lean_buy,7.651665711024256,3,2.5505552370080853,10,10,2215090.0,25564480.0,0.0,0.5522936612368983,1,150122700.0,2026-06-23,neutral,0.0,0.0,0.07859956355701038,20,20.0
2026-07-02,3023,信邦,lean_buy,0.0,0,1.0913675337552597,11,9,6926750.0,51002290.0,0.0,0.0,2,36612390.0,2026-06-03,buy,0.5,0.00115914781029356,12.898440118222274,20,20.0
2026-07-02,3034,聯詠,unclear,0.0,0,0.6038287889119522,12,8,47392280.0,379104860.0,0.0028218314056960387,0.2858425962189879,6,942164260.0,2026-06-29,neutral,0.013901747875683589,-0.04577645668901489,0.9962168794218537,20,20.0
2026-07-02,3036,文曄,unclear,0.776641412022649,1,0.8225179289578988,4,16,-56019640.0,154151220.0,0.006054249846352173,0.8249494552784277,12,4913214500.0,2026-06-23,neutral,-0.05577570448023387,0.02614488755123841,-0.9867028473924759,20,20.0
2026-07-02,3037,欣興,unclear,0.0,0,0.7927997908652948,10,10,-24509290.0,227874750.0,0.006735147268400733,0.014519675823298871,10,2599266132.0,2026-07-02,buy,0.3936998722068526,0.022119458809272595,-1.3605480868089885,20,20.0
2026-07-02,3044,健鼎,unclear,0.0,0,0.4674018690649903,9,11,28878290.0,157433930.0,0.0017740775447833894,0.008751379157173767,10,732143719.0,2026-07-01,neutral,0.09799924405279231,0.009803517439208225,-0.7749318839679891,20,20.0
2026-07-02,3231,緯創,unclear,0.0,0,0.7510489648698058,10,10,-41974750.0,451029980.0,0.00912566832031875,0.013828886606588363,2,144651250.0,2026-06-30,buy,0.26701722245746234,0.0011201095074160426,0.9554548128688829,20,20.0
2026-07-02,3311,閎暉,unclear,0.0,0,,0,0,0.0,0.0,,0.0,1,22461250.0,2026-06-25,neutral,0.0,0.0,0.046650420168067225,20,20.0
2026-07-02,3356,奇偶,unclear,0.0,0,,0,0,0.0,0.0,,0.0,1,83683600.0,2026-06-05,sell,-0.5,-0.05298013245033107,0.18946942053162147,20,20.0
2026-07-02,3376,新日興,unclear,0.0,0,0.23053178635437144,6,14,-30702510.0,274500400.0,0.014794477530815984,0.000270143397429652,1,16623600.0,2026-06-26,neutral,0.0,0.017480719794344513,-39.21185802112659,20,20.0
2026-07-02,3443,創意,hedge_suspect,4.441249048807695,3,2.184283487043811,9,11,16874860.0,85659990.0,0.003257296667907619,0.9989868380010883,2,150426360.0,2026-06-26,sell,-0.32224166030474977,0.0015241430974779178,-4.593999881403764,20,20.0
2026-07-02,3481,群創,unclear,0.0,0,0.4146973015428225,12,8,177854410.0,996248830.0,0.01707949810089112,0.3055351557060876,3,2261837300.0,2026-06-24,neutral,0.02334347833064739,0.0,-0.7278032705535452,20,20.0
2026-07-02,3533,嘉澤,unclear,3.3510533130868314,2,1.2088335687382297,9,11,-61077420.0,280489490.0,0.0029637830636720115,0.3911959526358306,4,226930380.0,2026-06-30,buy,0.386068934445886,0.0014789070475383721,2.500055611769566,20,20.0
2026-07-02,3653,健策,sell_avoid,1.0028587523343824,1,1.374375738048502,9,11,-7848170.0,67657980.0,0.32214189663953907,0.7116081000188913,5,436525800.0,2026-06-24,sell,-0.27031689764957767,0.013049660150319433,-5.619038828861891,20,20.0
2026-07-02,3661,世芯-KY,hedge_suspect,9.148959794458243,4,4.269852989944847,10,10,270076410.0,973227470.0,0.0258703343011886,0.9373066131973264,12,5757447320.0,2026-06-29,sell,-0.4643281738268688,-0.008084111443049831,-1.5880796500279573,20,20.0
2026-07-02,3665,貿聯-KY,unclear,0.0,0,1.4557408690762752,8,10,-23742160.0,437790950.0,0.010348226705006121,0.262670398360126,2,102190000.0,2026-07-02,neutral,0.10710441334768568,-0.0062593659638236565,3.36308445053332,20,20.0
2026-07-02,3702,大聯大,sell_avoid,0.0,0,0.7328747810759383,7,13,-9926140.0,60435590.0,0.0,0.0041331580405313305,1,111280000.0,2026-06-25,sell,-0.5,0.0,-1.859375,20,20.0
2026-07-02,3711,日月光投控,unclear,7.85747148432255,3,1.9086341433078873,9,11,93480720.0,767149890.0,0.022299657763100247,0.954400568375434,23,2774344297.0,2026-07-02,buy,0.37226779193080084,-0.0017205041438713806,14.086305924704053,20,20.0
2026-07-02,4722,國精化,unclear,0.0,0,0.939717976805244,8,12,27865950.0,100198660.0,0.018905442448032737,0.08780615454559872,2,194050500.0,2026-07-01,buy,0.5766050589923757,0.14018951579856712,0.5611007160507188,20,20.0
2026-07-02,4763,材料*-KY,unclear,7.022834945711875,2,3.619794555351491,10,10,22577610.0,79958140.0,0.0,0.9939170461249381,2,41750000.0,2026-06-12,neutral,-0.029940119760479042,-0.000502144929004046,0.29931351976047893,20,20.0
2026-07-02,4904,遠傳,unclear,0.0,0,,0,0,0.0,0.0,,0.0,4,93982070.0,2026-06-12,buy,0.5,0.0019805552840328634,10.665208821214515,20,20.0
2026-07-02,4919,新唐,sell_avoid,0.146474487207125,1,0.5643187009925588,9,11,7844520.0,81042960.0,0.0,0.9246970246507498,6,967657589.0,2026-06-18,sell,-0.7404401325890909,-0.01903597140868556,-0.8584637251266367,20,20.0
2026-07-02,4958,臻鼎-KY,unclear,0.0,0,0.5125455731290313,11,9,168483780.0,1131615410.0,0.01147950079612295,0.041877174491233286,4,1703488000.0,2026-06-24,neutral,-0.10337202257955443,-0.0017335816360424356,-0.5282221530178082,20,20.0
2026-07-02,5007,三星,unclear,0.0,0,,0,0,0.0,0.0,,0.0,2,69600000.0,2026-06-18,buy,0.2916666666666667,0.021552964881980517,-0.012273706896551724,20,20.0
2026-07-02,5434,崇越,sell_avoid,0.11711993274035748,1,0.24873926804951943,10,10,827220.0,11270330.0,0.0,0.7626274418242664,3,106390340.0,2026-06-25,sell,-0.5291457852282453,-0.008975672293271435,2.749918803718458,20,20.0
2026-07-02,5538,東明-KY,unclear,0.0,0,,0,0,0.0,0.0,,0.0,1,41570100.0,2026-06-22,neutral,0.0,0.0,0.0031080031080031076,20,20.0
2026-07-02,5871,中租-KY,unclear,0.3185548133328812,1,0.21236987555525413,9,11,3866550.0,21194490.0,0.0,1.0,1,152045000.0,2026-06-30,buy,0.5,0.0,0.7717751159196291,20,20.0
2026-07-02,5876,上海商銀,unclear,0.0,0,,0,0,0.0,0.0,,0.0,1,15012436.0,2026-07-02,neutral,0.0,0.044205495818399054,-6.245016734792408,20,20.0
2026-07-02,6139,亞翔,unclear,1.4487209792718196,1,1.4487209792718196,11,9,155081930.0,698010120.0,0.0002304694378929635,0.8633902595621586,1,194750000.0,2026-06-04,neutral,0.0,-0.055757575757575784,14.185187676508344,20,20.0
2026-07-02,6214,精誠,unclear,1.8322963649653254,1,1.8322963649653254,7,13,-9978050.0,20077300.0,0.0,0.8270561106840891,3,46255000.0,2026-06-22,neutral,0.0,0.08851408030131293,-9.643721089611933,20,20.0
2026-07-02,6239,力成,unclear,0.0,0,0.7450508193044011,7,13,-96621530.0,686276340.0,0.007978200151851366,0.017293612558581587,1,55639230.0,2026-06-12,neutral,0.0,0.01982733812949644,-43.89094412341795,20,20.0
2026-07-02,6285,啟碁,unclear,0.7006955893383539,1,0.3503477946691769,9,11,-102921870.0,545522680.0,0.030194235004124853,0.8340215108407809,1,19475000.0,2026-06-29,buy,1.0,0.006355932203389925,1.3286648523748394,20,20.0
2026-07-02,6409,旭隼,same_dir_buy,13.383059844398376,4,2.230509974066396,13,7,98260520.0,234994120.0,0.007150051243835377,0.990839366780862,1,32480000.0,2026-06-05,buy,0.5,0.0,11.552714285714286,20,20.0
2026-07-02,6415,矽力*-KY,lean_buy,0.8151042890866913,1,0.40755214454334565,12,8,23202550.0,116068230.0,0.0008610452662197054,0.4565222842413027,1,20996920.0,2026-06-23,buy,1.0,0.05010852713178293,40.69797475058247,20,20.0
2026-07-02,6442,光聖,unclear,1.8046236856736284,1,1.453522504892368,10,10,3264180.0,17884530.0,0.0,0.6480982834062605,2,619225000.0,2026-06-10,neutral,0.24155193992490614,-0.00905375623773619,1.8016658484395818,20,20.0
2026-07-02,6446,藥華藥,unclear,0.0,0,,0,0,0.0,0.0,,0.0,2,51969777.0,2026-06-25,neutral,0.0,-0.011605606625001432,16.123210611429023,20,20.0
2026-07-02,6464,台數科,unclear,0.0,0,,0,0,0.0,0.0,,0.0,2,88920000.0,2026-06-30,neutral,0.0,0.0,-0.0035087719298245615,20,20.0
2026-07-02,6669,緯穎,lean_buy,10.316821482194861,4,2.5792053705487152,11,9,155906660.0,939121300.0,0.01448405014346922,0.9539123628322211,2,763003260.0,2026-07-01,neutral,0.0,0.008413737158228617,-0.6595957335752406,20,20.0
2026-07-02,6770,力積電,unclear,0.0,0,0.9862114952222378,7,13,-234667680.0,569699840.0,0.027693829087261108,0.09588746736034363,14,2449756100.0,2026-06-25,neutral,-0.0701005704200512,-0.01861199144172245,-4.092202532529667,20,20.0
2026-07-02,6805,富世達,sell_avoid,0.0,0,1.4049474418639116,6,14,-99859780.0,279894560.0,1.6613398988533396e-05,0.0031012279441401448,1,31358160.0,2026-06-15,sell,-0.5,0.004103746397694508,-61.55677549320496,20,20.0
2026-07-02,6902,GOGOLOOK,unclear,0.0,0,,0,0,0.0,0.0,,0.0,1,586560000.0,2026-06-22,sell,-0.5,-0.08045977011494254,-0.004882625818330605,20,20.0
2026-07-02,6918,愛派司,unclear,0.0,0,,0,0,0.0,0.0,,0.0,1,15300000.0,2026-06-30,buy,0.5,0.03734439834024905,-0.023627450980392158,20,20.0
2026-07-02,6994,富威電力,unclear,0.0,0,0.9151193633952255,8,4,14530.0,174220.0,0.0,0.0,7,271716000.0,2026-06-30,sell,-0.280771099235967,-0.0689786285343475,0.24582710477115813,20,20.0
2026-07-02,7610,聯友金屬-創,unclear,0.0,0,,0,0,0.0,0.0,,0.0,1,833400000.0,2026-06-18,neutral,0.0,0.0,0.2955388888888889,20,20.0
2026-07-02,7769,鴻勁,sell_avoid,0.0,0,0.6936912266198202,7,13,-20311300.0,113818250.0,0.0,0.3255944444858245,13,541598600.0,2026-07-02,sell,-0.5526462531476263,-0.008518549567707775,-15.708707832701192,20,20.0
2026-07-02,8213,志超,unclear,0.0,0,0.3013698630136986,3,6,-64050.0,340370.0,0.0,0.0,1,111000000.0,2026-06-16,buy,0.5,0.02351313969571245,-0.047646351351351354,20,20.0
2026-07-02,8464,億豐,unclear,7.0137064024987765,3,3.347500302836278,10,9,1977960.0,7202060.0,0.0,0.9911084459424531,3,240246000.0,2026-06-26,sell,-0.3015976332592426,-0.004837910922078677,0.2610699491354695,20,20.0
2026-07-02,9904,寶成,sell_avoid,0.33822230264068204,1,0.6764446052813641,7,13,-2394960.0,12887660.0,0.0,0.9037668754130346,1,49685000.0,2026-06-18,sell,-0.5,0.0,-9.203103684210525,20,20.0
2026-07-02,9945,潤泰新,unclear,0.0,0,0.7958856459590196,11,9,3563120.0,18477560.0,0.0,0.0,1,20593050.0,2026-07-01,neutral,0.0,0.09812030075187961,-3.8840090807335486,20,20.0
2026-07-02,總計,,unclear,0.0,0,,0,0,0.0,0.0,,0.0,21,400117026727.0,2026-07-02,neutral,0.0,,,20,20.0
2026-07-02,01010T,京城樂富R1,unclear,0.0,0,,0,0,0.0,0.0,,0.0,1,8525500.0,2026-07-01,neutral,0.0,0.0029999999999998916,0.002345903466072371,W3,2.0
2026-07-02,1216,統一,unclear,0.4515187330866159,1,0.4515187330866159,1,1,47430.0,646370.0,0.0,0.9848376484050922,1,85418300.0,2026-07-01,neutral,0.0,-0.09932885906040279,0.7329996967862858,W3,2.0
2026-07-02,1303,南亞,unclear,2.735244020280923,3,0.9117480067603076,2,0,110863300.0,114004220.0,0.02484881699993211,0.9417818590761142,2,172877150.0,2026-07-02,neutral,0.0,-0.12360285598228789,27.374433116233117,W3,2.0
2026-07-02,1436,華友聯,unclear,0.0,0,,0,0,0.0,0.0,,0.0,1,134850000.0,2026-07-01,neutral,0.0,0.0,0.037333333333333336,W3,2.0
2026-07-02,1466,聚隆,unclear,0.0,0,,0,0,0.0,0.0,,0.0,2,26660950.0,2026-07-02,sell,-0.5,-0.17887333246062684,0.08402426395158463,W3,2.0
2026-07-02,2308,台達電,unclear,0.0,0,0.5188180422594808,0,2,-15630100.0,35058040.0,0.020840297974444665,0.26089932789185233,2,169750000.0,2026-07-02,buy,0.7849779086892489,0.005541357798614521,-11.831346980854198,W3,2.0
2026-07-02,2317,鴻海,sell_avoid,0.0,0,0.4222416577707852,0,2,-56660920.0,68486770.0,0.02783544909476677,0.004428324850920211,1,116380600.0,2026-07-02,sell,-0.5,0.0040167364016736595,-56.09762526572298,W3,2.0
2026-07-02,2327,國巨*,unclear,0.0,0,1.001729921159757,0,2,-52898670.0,142204440.0,0.0071487922599322495,0.0003612862610002159,1,162000000.0,2026-07-01,buy,1.0,0.05263157894736836,23.01954851851852,W3,2.0
2026-07-02,2330,台積電,unclear,0.0,0,0.8702514972235327,1,1,20514320.0,304822530.0,0.017586003239327488,0.016261046438068708,14,25638325389.0,2026-07-02,neutral,-0.24055372287092086,-0.0027765613822875682,-1.5774543495478062,W3,2.0
2026-07-02,2344,華邦電,sell_avoid,0.0,0,0.6962771147975972,0,2,-121157830.0,133312700.0,0.02554227766746904,0.0,1,68676124.0,2026-07-01,sell,-1.0,-0.015789473684210575,-91.97968438055706,W3,2.0
2026-07-02,2357,華碩,unclear,1.1056941131111593,1,1.1056941131111593,1,1,2229930.0,22689820.0,0.20291963532544552,0.8793661335047228,1,107950000.0,2026-07-02,neutral,0.0,-0.047976011994003025,5.417893635942566,W3,2.0
2026-07-02,2412,中華電,unclear,0.0,0,0.31638755980861244,0,2,-53150.0,53150.0,0.0,0.0,1,20093000.0,2026-07-01,sell,-0.5,0.0,-31.47268309859155,W3,2.0
2026-07-02,2454,聯發科,hedge_suspect,1.4213116346494339,4,0.5122831648470368,2,0,26508510.0,69272520.0,0.022276798938453517,0.42870133322710224,5,10282172250.0,2026-07-02,sell,-0.3063837872391216,-0.00036872784434157664,-0.31326461779513576,W3,2.0
2026-07-02,2461,光群雷,unclear,0.0,0,,0,0,0.0,0.0,,0.0,1,47564500.0,2026-07-01,buy,0.5,0.11143695014662747,-0.026487730345110327,W3,2.0
2026-07-02,2528,皇普,unclear,0.0,0,,0,0,0.0,0.0,,0.0,1,21000000.0,2026-07-01,neutral,0.0,-0.06249999999999989,0.65616,W3,2.0
2026-07-02,2845,遠東銀,unclear,0.0,0,,0,0,0.0,0.0,,0.0,1,140290701.0,2026-07-02,sell,-0.5,-0.020000000000000018,0.30519128990595035,W3,2.0
2026-07-02,2881,富邦金,unclear,0.0,0,0.6205997219752162,0,2,-7406200.0,9200220.0,0.0,0.0,2,1415793000.0,2026-07-01,neutral,0.026891643057989408,-0.018322688905706964,2.1958513038276077,W3,2.0
2026-07-02,2882,國泰金,unclear,0.0,0,0.26998754642909756,0,2,-7980380.0,8470240.0,0.09840689283892783,0.07245338025843706,1,31750900.0,2026-07-01,neutral,0.0,0.03473684210526318,-12.069765423972234,W3,2.0
2026-07-02,2883,凱基金,unclear,0.0,0,0.3823144522969665,0,2,-5257880.0,8190390.0,0.0,0.06378649329379506,2,45802625.0,2026-07-01,buy,0.5150665491333739,-0.03470177862084401,1.3140456906127105,W3,2.0
2026-07-02,2885,元大金,unclear,0.04634279694355172,2,0.04634279694355172,2,0,266950.0,514200.0,0.0,0.6054327808471455,1,24900300.0,2026-07-01,sell,-0.5,-0.004545454545454519,-7.942993698871098,W3,2.0
2026-07-02,2886,兆豐金,unclear,0.0,0,0.7216508305785859,0,2,-1109140.0,1268240.0,0.0,0.0,1,20929400.0,2026-07-01,buy,0.5,-0.0010834236186347823,16.599894409299836,W3,2.0
2026-07-02,2887,台新新光金,unclear,0.0,0,0.4935705084566821,0,2,-5115000.0,10967500.0,0.0,0.10694264649506359,1,28761250.0,2026-07-01,buy,0.5,-0.002998500749625266,3.0755028223738536,W3,2.0
2026-07-02,2887H,台新新光庚特二,unclear,0.0,0,,0,0,0.0,0.0,,0.0,1,94183200.0,2026-07-02,sell,-0.5,-0.05459057071960283,,W3,2.0
2026-07-02,2890,永豐金,unclear,0.0,0,0.46428229195661397,0,2,-2769010.0,3130260.0,0.0,0.0,1,17276700.0,2026-07-01,buy,0.5,-0.0025000000000000577,23.80569437450439,W3,2.0
2026-07-02,2891,中信金,unclear,0.0,0,0.48093355673606164,0,2,-1260120.0,1784510.0,0.0,0.12229690735648573,5,133010090.0,2026-07-02,buy,0.4197977010616262,0.007828110636236112,-7.916495786146749,W3,2.0
2026-07-02,3037,欣興,unclear,0.0,0,0.7927997908652948,0,2,-20311670.0,28736920.0,0.00030761821378213117,0.014519675823298871,3,2048400400.0,2026-07-02,buy,0.42182924783650694,0.026752780536791265,-3.3702979310099725,W3,2.0
2026-07-02,3044,健鼎,unclear,0.0,0,0.4674018690649903,0,2,-9716050.0,13405010.0,0.0018269288870355188,0.008751379157173767,2,252122657.0,2026-07-01,neutral,0.0,0.01479861697169899,-3.0924117383072,W3,2.0
2026-07-02,3665,貿聯-KY,sell_avoid,0.0,0,1.4557408690762752,1,1,15366400.0,60280780.0,0.019826385789964894,0.262670398360126,1,40150000.0,2026-07-02,sell,-0.5,-0.015931372549019662,-0.13306998754669988,W3,2.0
2026-07-02,3711,日月光投控,lean_buy,7.4524808811533125,3,1.9086341433078873,2,0,108685330.0,114188760.0,0.01911974523587085,0.954400568375434,5,357983293.0,2026-07-02,buy,0.30153822429919935,-0.006862516018056958,28.716578723130525,W3,2.0
2026-07-02,4722,國精化,unclear,0.0,0,0.939717976805244,0,2,-3905060.0,5874390.0,0.0,0.08780615454559872,1,164320000.0,2026-07-01,buy,0.5,0.147005444646098,-0.21299107534079845,W3,2.0
2026-07-02,5876,上海商銀,unclear,0.0,0,,0,0,0.0,0.0,,0.0,1,15012436.0,2026-07-02,neutral,0.0,0.044205495818399054,-6.245016734792408,W3,2.0
2026-07-02,6669,緯穎,lean_buy,10.316821482194861,4,2.5792053705487152,2,0,170384770.0,181337190.0,0.007502211763621131,0.9539123628322211,1,25037500.0,2026-07-01,neutral,0.0,-0.005461767626613657,56.700685971043434,W3,2.0
2026-07-02,7769,鴻勁,sell_avoid,0.0,0,0.6936912266198202,1,1,6930640.0,11942260.0,0.0,0.3255944444858245,3,199580001.0,2026-07-02,sell,-1.0,-0.02104279699156928,-11.894747259771785,W3,2.0
2026-07-02,9945,潤泰新,unclear,0.0,0,0.7958856459590196,0,2,-680450.0,874230.0,0.0,0.0,1,20593050.0,2026-07-01,neutral,0.0,0.09812030075187961,-3.8840090807335486,W3,2.0
2026-07-02,總計,,unclear,0.0,0,,0,0,0.0,0.0,,0.0,2,42138141265.0,2026-07-02,neutral,0.0,,,W3,2.0
